-- MySQL dump 10.13  Distrib 8.0.40, for Linux (x86_64)
--
-- Host: localhost    Database: blog_spring
-- ------------------------------------------------------
-- Server version	8.0.40-0ubuntu0.20.04.1

/*!40101 SET @OLD_CHARACTER_SET_CLIENT=@@CHARACTER_SET_CLIENT */;
/*!40101 SET @OLD_CHARACTER_SET_RESULTS=@@CHARACTER_SET_RESULTS */;
/*!40101 SET @OLD_COLLATION_CONNECTION=@@COLLATION_CONNECTION */;
/*!50503 SET NAMES utf8mb4 */;
/*!40103 SET @OLD_TIME_ZONE=@@TIME_ZONE */;
/*!40103 SET TIME_ZONE='+00:00' */;
/*!40014 SET @OLD_UNIQUE_CHECKS=@@UNIQUE_CHECKS, UNIQUE_CHECKS=0 */;
/*!40014 SET @OLD_FOREIGN_KEY_CHECKS=@@FOREIGN_KEY_CHECKS, FOREIGN_KEY_CHECKS=0 */;
/*!40101 SET @OLD_SQL_MODE=@@SQL_MODE, SQL_MODE='NO_AUTO_VALUE_ON_ZERO' */;
/*!40111 SET @OLD_SQL_NOTES=@@SQL_NOTES, SQL_NOTES=0 */;

--
-- Table structure for table `blog_categories`
--

DROP TABLE IF EXISTS `blog_categories`;
/*!40101 SET @saved_cs_client     = @@character_set_client */;
/*!50503 SET character_set_client = utf8mb4 */;
CREATE TABLE `blog_categories` (
  `blog_id` bigint NOT NULL,
  `category_id` bigint NOT NULL,
  PRIMARY KEY (`blog_id`,`category_id`),
  KEY `FKcg3a9iawd67s5th9pm1332ibg` (`category_id`),
  CONSTRAINT `FKcg3a9iawd67s5th9pm1332ibg` FOREIGN KEY (`category_id`) REFERENCES `categories` (`id`),
  CONSTRAINT `FKg3e3kdc8go3vsajcc408pw5cl` FOREIGN KEY (`blog_id`) REFERENCES `blogs` (`id`)
) ENGINE=InnoDB DEFAULT CHARSET=utf8mb4 COLLATE=utf8mb4_0900_ai_ci;
/*!40101 SET character_set_client = @saved_cs_client */;

--
-- Dumping data for table `blog_categories`
--

LOCK TABLES `blog_categories` WRITE;
/*!40000 ALTER TABLE `blog_categories` DISABLE KEYS */;
INSERT INTO `blog_categories` VALUES (1,1),(2,1),(3,1),(4,1),(5,1),(6,1),(7,1),(8,1),(9,1),(10,1),(11,1),(12,1),(13,1),(14,1),(15,1),(16,1),(17,1),(18,1),(19,1),(20,1),(1,2),(2,2),(3,2),(4,2),(5,2),(6,2),(7,2),(8,2),(9,2),(10,2),(56,2),(57,2),(58,2),(59,2),(21,3),(22,3),(23,3),(24,3),(25,3),(26,3),(27,3),(40,3),(41,3),(42,3),(43,3),(44,3),(55,3),(56,3),(57,3),(58,3),(59,3),(28,4),(29,4),(30,4),(31,4),(32,4),(33,4),(34,4),(44,4),(35,5),(36,5),(37,5),(38,5),(39,5),(40,5),(41,5),(42,5),(43,5),(44,5),(45,6),(46,6),(47,6),(48,6),(49,6),(50,6),(51,6),(52,6),(53,6),(54,6),(55,7),(56,7),(57,7),(58,7),(59,7),(60,7),(61,7),(62,7),(63,7),(64,7),(65,8),(66,8),(67,8),(68,8),(69,8),(70,8),(71,8),(72,8),(73,8),(74,8),(75,9),(76,9),(77,9),(78,9),(79,9),(80,9),(81,9),(82,9),(83,9),(84,9);
/*!40000 ALTER TABLE `blog_categories` ENABLE KEYS */;
UNLOCK TABLES;

--
-- Table structure for table `blogs`
--

DROP TABLE IF EXISTS `blogs`;
/*!40101 SET @saved_cs_client     = @@character_set_client */;
/*!50503 SET character_set_client = utf8mb4 */;
CREATE TABLE `blogs` (
  `id` bigint NOT NULL AUTO_INCREMENT,
  `content` json DEFAULT NULL,
  `created_at` datetime(6) DEFAULT NULL,
  `title` varchar(100) NOT NULL,
  `updated_at` datetime(6) DEFAULT NULL,
  `series_id` bigint DEFAULT NULL,
  `author_id` bigint DEFAULT NULL,
  PRIMARY KEY (`id`),
  KEY `FKqe37825v6su20oo84naor3u4p` (`series_id`),
  KEY `FKt8g0udj2fq40771g38t2t011n` (`author_id`),
  CONSTRAINT `FKqe37825v6su20oo84naor3u4p` FOREIGN KEY (`series_id`) REFERENCES `series` (`id`) ON DELETE SET NULL,
  CONSTRAINT `FKt8g0udj2fq40771g38t2t011n` FOREIGN KEY (`author_id`) REFERENCES `users` (`id`) ON DELETE SET NULL
) ENGINE=InnoDB AUTO_INCREMENT=85 DEFAULT CHARSET=utf8mb4 COLLATE=utf8mb4_0900_ai_ci;
/*!40101 SET character_set_client = @saved_cs_client */;

--
-- Dumping data for table `blogs`
--

LOCK TABLES `blogs` WRITE;
/*!40000 ALTER TABLE `blogs` DISABLE KEYS */;
INSERT INTO `blogs` VALUES (1,'{\"time\": 1733118660365, \"blocks\": [{\"id\": \"Y9DKlAsEGb\", \"data\": {\"text\": \"Introduction\"}, \"type\": \"paragraph\"}, {\"id\": \"B3QGvnuuam\", \"data\": {\"text\": \" Big Data Analytics refers to the process of analyzing large datasets to uncover patterns, correlations, and trends. It is a transformative technology that helps organizations make informed decisions based on data.\"}, \"type\": \"paragraph\"}, {\"id\": \"-tSwdYaSxf\", \"data\": {\"text\": \"What is Big Data?\"}, \"type\": \"paragraph\"}, {\"id\": \"dHdcq4xy5M\", \"data\": {\"text\": \"Big Data is characterized by:\"}, \"type\": \"paragraph\"}, {\"id\": \"BoFiznW_Ty\", \"data\": {\"meta\": {}, \"items\": [{\"meta\": {}, \"items\": [], \"content\": \"Volume: The enormous size of data being generated.\"}, {\"meta\": {}, \"items\": [], \"content\": \"Velocity: The speed at which data is processed.\"}, {\"meta\": {}, \"items\": [], \"content\": \"Variety: Data comes in multiple formats (structured, unstructured, and semi-structured).\"}, {\"meta\": {}, \"items\": [], \"content\": \"Veracity: Uncertainty or quality of data.\"}], \"style\": \"unordered\"}, \"type\": \"list\"}, {\"id\": \"e6Ex3ZouHI\", \"data\": {\"text\": \"Why is it Important?\"}, \"type\": \"paragraph\"}, {\"id\": \"SEeVyQ4JgM\", \"data\": {\"meta\": {}, \"items\": [{\"meta\": {}, \"items\": [], \"content\": \"Identifying customer behavior patterns.\"}, {\"meta\": {}, \"items\": [], \"content\": \"Enhancing operational efficiency.\"}, {\"meta\": {}, \"items\": [], \"content\": \"Improving risk management and decision-making.\"}], \"style\": \"unordered\"}, \"type\": \"list\"}, {\"id\": \"e5XLAHi-3n\", \"data\": {\"text\": \"Key Tools in Big Data Analytics\"}, \"type\": \"paragraph\"}, {\"id\": \"G3zyPt9Rza\", \"data\": {\"meta\": {}, \"items\": [{\"meta\": {}, \"items\": [], \"content\": \"Hadoop: Framework for distributed storage and processing.\"}, {\"meta\": {}, \"items\": [], \"content\": \"Spark: Real-time analytics engine.\"}, {\"meta\": {}, \"items\": [], \"content\": \"Kafka: Used for data streaming.\"}], \"style\": \"unordered\"}, \"type\": \"list\"}, {\"id\": \"3_mOZiOa7w\", \"data\": {\"text\": \"Conclusion\"}, \"type\": \"paragraph\"}, {\"id\": \"iPsdCAUzJD\", \"data\": {\"text\": \"Big Data Analytics has become essential for businesses aiming to stay competitive in the digital era. Understanding its fundamentals is the first step in leveraging its potential.\"}, \"type\": \"paragraph\"}], \"version\": \"2.30.7\"}','2024-12-02 12:48:55.731147','Understanding the Fundamentals of Big Data Analytics','2024-12-02 12:51:00.443894',1,2),(2,'{\"time\": 1733118733362, \"blocks\": [{\"id\": \"HZGRbKYEPr\", \"data\": {\"text\": \"Introduction\"}, \"type\": \"paragraph\"}, {\"id\": \"WISrASSyML\", \"data\": {\"text\": \"Hadoop and Spark are leading frameworks for processing Big Data. This blog explores their key differences, strengths, and use cases.\"}, \"type\": \"paragraph\"}, {\"id\": \"h5PvZrPJ7h\", \"data\": {\"text\": \"Overview of Hadoop\"}, \"type\": \"paragraph\"}, {\"id\": \"hE6etWP44p\", \"data\": {\"meta\": {}, \"items\": [{\"meta\": {}, \"items\": [], \"content\": \"Batch-processing framework.\"}, {\"meta\": {}, \"items\": [], \"content\": \"Uses HDFS for distributed storage.\"}, {\"meta\": {}, \"items\": [], \"content\": \"Best for large-scale batch operations.\"}], \"style\": \"unordered\"}, \"type\": \"list\"}, {\"id\": \"5Vwqy91Vn-\", \"data\": {\"text\": \"Overview of Spark\"}, \"type\": \"paragraph\"}, {\"id\": \"Xy65UTvtMk\", \"data\": {\"meta\": {}, \"items\": [{\"meta\": {}, \"items\": [], \"content\": \"In-memory computation framework.\"}, {\"meta\": {}, \"items\": [], \"content\": \"Processes data much faster than Hadoop.\"}, {\"meta\": {}, \"items\": [], \"content\": \"Supports real-time and iterative operations.\"}], \"style\": \"unordered\"}, \"type\": \"list\"}, {\"id\": \"QUTXeLP9ND\", \"data\": {\"text\": \"Key Differences\"}, \"type\": \"paragraph\"}, {\"id\": \"FsKtdWIfxE\", \"data\": {\"meta\": {}, \"items\": [{\"meta\": {}, \"items\": [], \"content\": \"Speed: Hadoop is slower, while Spark is optimized for speed.\"}, {\"meta\": {}, \"items\": [], \"content\": \"Processing: Hadoop supports batch processing; Spark supports both batch and stream processing.\"}, {\"meta\": {}, \"items\": [], \"content\": \"Storage: Hadoop uses HDFS, whereas Spark integrates with various storage systems.\"}], \"style\": \"unordered\"}, \"type\": \"list\"}, {\"id\": \"0PZr857mKC\", \"data\": {\"text\": \"Use Cases\"}, \"type\": \"paragraph\"}, {\"id\": \"rz3QXB5fGO\", \"data\": {\"meta\": {}, \"items\": [{\"meta\": {}, \"items\": [], \"content\": \"Hadoop: Long-term archival and batch processing.\"}, {\"meta\": {}, \"items\": [], \"content\": \"Spark: Real-time analytics and machine learning tasks.\"}], \"style\": \"unordered\"}, \"type\": \"list\"}, {\"id\": \"7Xh0gajjlF\", \"data\": {\"text\": \"Conclusion\"}, \"type\": \"paragraph\"}, {\"id\": \"0bLm--KZ6K\", \"data\": {\"text\": \"Selecting the right tool depends on project requirements. Spark is ideal for real-time processing, while Hadoop excels at large-scale data storage and batch jobs.\"}, \"type\": \"paragraph\"}], \"version\": \"2.30.7\"}','2024-12-02 12:52:13.395775','Hadoop vs. Spark: Choosing the Right Tool for Your Big Data Needs','2024-12-02 12:52:13.395805',1,2),(3,'{\"time\": 1733118805546, \"blocks\": [{\"id\": \"YLGbS0-ZOZ\", \"data\": {\"text\": \"Introduction\"}, \"type\": \"paragraph\"}, {\"id\": \"nvgGApqAMP\", \"data\": {\"text\": \"Real-time analytics allows organizations to process data as it arrives, enabling instant decision-making. Combining Kafka and Spark is a popular approach for building real-time pipelines.\"}, \"type\": \"paragraph\"}, {\"id\": \"LLvTXY8UnV\", \"data\": {\"text\": \"What is Real-Time Analytics?It processes data continuously as it’s generated. Applications include fraud detection, social media analysis, and IoT monitoring.\"}, \"type\": \"paragraph\"}, {\"id\": \"D3aCPxiW2_\", \"data\": {\"text\": \"Role of Apache Kafka\"}, \"type\": \"paragraph\"}, {\"id\": \"ndyWmWKpeR\", \"data\": {\"meta\": {}, \"items\": [{\"meta\": {}, \"items\": [], \"content\": \"A message broker for streaming data.\"}, {\"meta\": {}, \"items\": [], \"content\": \"Ensures fault tolerance and scalability.\"}], \"style\": \"unordered\"}, \"type\": \"list\"}, {\"id\": \"XVAAzAdnh0\", \"data\": {\"text\": \"Role of Apache Spark\"}, \"type\": \"paragraph\"}, {\"id\": \"PKIt_JBUjs\", \"data\": {\"meta\": {}, \"items\": [{\"meta\": {}, \"items\": [], \"content\": \"Processes real-time data streams using Spark Streaming.\"}, {\"meta\": {}, \"items\": [], \"content\": \"Offers advanced features like machine learning and graph analytics.\"}], \"style\": \"unordered\"}, \"type\": \"list\"}, {\"id\": \"Lcspcyws3u\", \"data\": {\"text\": \"Building a Real-Time Pipeline\"}, \"type\": \"paragraph\"}, {\"id\": \"71D4N-iZF1\", \"data\": {\"meta\": {\"counterType\": \"numeric\"}, \"items\": [{\"meta\": {}, \"items\": [], \"content\": \"Data Ingestion: Kafka collects data from multiple sources.\"}, {\"meta\": {}, \"items\": [], \"content\": \"Processing: Spark transforms and analyzes the data in real time.\"}, {\"meta\": {}, \"items\": [], \"content\": \"Storage: Results are stored in databases for further analysis.\"}], \"style\": \"ordered\"}, \"type\": \"list\"}, {\"id\": \"Ad8XprTzuK\", \"data\": {\"text\": \"Conclusion\"}, \"type\": \"paragraph\"}, {\"id\": \"xs4vTiycDN\", \"data\": {\"text\": \"Real-time analytics with Kafka and Spark provides a robust solution for organizations needing immediate insights and actions.\"}, \"type\": \"paragraph\"}], \"version\": \"2.30.7\"}','2024-12-02 12:53:09.679275','Real-Time Analytics with Apache Kafka and Spark','2024-12-02 12:53:25.595061',1,2),(4,'{\"time\": 1733118847013, \"blocks\": [{\"id\": \"-7LqJ1nstM\", \"data\": {\"text\": \"Introduction\"}, \"type\": \"paragraph\"}, {\"id\": \"9Ds5n6kzPl\", \"data\": {\"text\": \"Managing Big Data in the cloud has become a standard practice due to its scalability and cost-effectiveness. Here are some best practices to optimize cloud-based Big Data solutions.\"}, \"type\": \"paragraph\"}, {\"id\": \"QVhxCRyfd7\", \"data\": {\"text\": \"Why Use the Cloud for Big Data?\"}, \"type\": \"paragraph\"}, {\"id\": \"yacY5AJ-r5\", \"data\": {\"meta\": {}, \"items\": [{\"meta\": {}, \"items\": [], \"content\": \"On-demand scalability.\"}, {\"meta\": {}, \"items\": [], \"content\": \"Seamless integration with analytics tools.\"}, {\"meta\": {}, \"items\": [], \"content\": \"Cost-efficient storage options.\"}], \"style\": \"unordered\"}, \"type\": \"list\"}, {\"id\": \"hFbBEmqrlW\", \"data\": {\"text\": \"Best Practices\"}, \"type\": \"paragraph\"}, {\"id\": \"y3NXxEZUta\", \"data\": {\"meta\": {}, \"items\": [{\"meta\": {}, \"items\": [], \"content\": \"Choose the Right Cloud ProviderAWS, Azure, or Google Cloud—select based on features and pricing.\"}, {\"meta\": {}, \"items\": [], \"content\": \"Optimize Storage SolutionsUse tiered storage for cost-efficiency (e.g., AWS S3 for active data, Glacier for archival).\"}, {\"meta\": {}, \"items\": [], \"content\": \"Implement AutomationAutomate ETL workflows using AWS Glue or Google Dataflow.\"}, {\"meta\": {}, \"items\": [], \"content\": \"Monitor UsageRegularly track and manage usage with tools like CloudWatch to prevent overage costs.\"}], \"style\": \"ordered\"}, \"type\": \"list\"}, {\"id\": \"obRAwtQ6b7\", \"data\": {\"text\": \"Conclusion\"}, \"type\": \"paragraph\"}, {\"id\": \"Qd1ke8sMVF\", \"data\": {\"text\": \"Cloud platforms provide a powerful infrastructure for Big Data. Adopting these practices ensures cost-efficiency and scalability.\"}, \"type\": \"paragraph\"}], \"version\": \"2.30.7\"}','2024-12-02 12:54:07.057503','Best Practices for Managing Big Data in the Cloud','2024-12-02 12:54:07.057550',1,2),(5,'{\"time\": 1733118886085, \"blocks\": [{\"id\": \"qGPXI-OmfR\", \"data\": {\"text\": \"IntroductionData cleaning is a crucial step in Big Data Analytics, ensuring the accuracy and reliability of analysis. Poor data quality can lead to incorrect insights and decisions.\"}, \"type\": \"paragraph\"}, {\"id\": \"987QhDzAl_\", \"data\": {\"text\": \"Common Data Issues\"}, \"type\": \"paragraph\"}, {\"id\": \"vheWAfN_Qp\", \"data\": {\"meta\": {}, \"items\": [{\"meta\": {}, \"items\": [], \"content\": \"Missing Values: Incomplete entries in datasets.\"}, {\"meta\": {}, \"items\": [], \"content\": \"Duplicate Records: Repeated entries that can skew analysis.\"}, {\"meta\": {}, \"items\": [], \"content\": \"Outliers: Extreme values that distort trends.\"}, {\"meta\": {}, \"items\": [], \"content\": \"Inconsistent Formats: Mixed date formats, units, or text casing.\"}], \"style\": \"unordered\"}, \"type\": \"list\"}, {\"id\": \"TOUyvtXr1j\", \"data\": {\"text\": \"Techniques for Data Cleaning\"}, \"type\": \"paragraph\"}, {\"id\": \"B_2fdN2f9k\", \"data\": {\"meta\": {}, \"items\": [{\"meta\": {}, \"items\": [], \"content\": \"Handle Missing Data<ul><li data-empty=\\\"false\\\">Use imputation or removal techniques.</li><li data-empty=\\\"false\\\">Example: Replace missing values with averages or medians.</li></ul>\"}, {\"meta\": {}, \"items\": [], \"content\": \"Remove Duplicates<ul><li data-empty=\\\"false\\\">Apply deduplication methods.</li><li data-empty=\\\"false\\\">Example: Use unique identifiers to filter data.</li></ul>\"}, {\"meta\": {}, \"items\": [], \"content\": \"Normalize Formats<ul><li data-empty=\\\"false\\\">Standardize formats for dates, units, and text.</li></ul>\"}, {\"meta\": {}, \"items\": [], \"content\": \"Outlier Detection<ul><li data-empty=\\\"false\\\">Use statistical techniques like Z-scores or clustering algorithms.</li></ul>\"}], \"style\": \"ordered\"}, \"type\": \"list\"}, {\"id\": \"W-A2Vq7e-y\", \"data\": {\"text\": \"ConclusionClean data is the foundation of effective analytics. Regularly applying cleaning techniques improves the quality of insights derived from Big Data.\"}, \"type\": \"paragraph\"}], \"version\": \"2.30.7\"}','2024-12-02 12:54:46.125627','Data Cleaning Techniques for Big Data Analytics','2024-12-02 12:54:46.125659',1,2),(6,'{\"time\": 1733119071466, \"blocks\": [{\"id\": \"UPCjzUh0CT\", \"data\": {\"text\": \"Introduction\", \"level\": 3}, \"type\": \"header\"}, {\"id\": \"0b2rXck_7d\", \"data\": {\"text\": \"Data visualization is the art of representing data in visual formats such as charts, graphs, and dashboards. It simplifies complex datasets, making trends and patterns easier to identify and understand. This skill is vital for analysts, decision-makers, and anyone working with data.\"}, \"type\": \"paragraph\"}, {\"id\": \"EJgfiXWb_v\", \"data\": {\"text\": \"Why Data Visualization is Important\", \"level\": 3}, \"type\": \"header\"}, {\"id\": \"Ifvxcd_jTm\", \"data\": {\"meta\": {}, \"items\": [{\"meta\": {}, \"items\": [], \"content\": \"Simplifies Complexity: Large datasets are easier to interpret through visuals.\"}, {\"meta\": {}, \"items\": [], \"content\": \"Facilitates Communication: Visuals make sharing insights more effective.\"}, {\"meta\": {}, \"items\": [], \"content\": \"Supports Decision-Making: Enables stakeholders to make informed decisions quickly.\"}], \"style\": \"unordered\"}, \"type\": \"list\"}, {\"id\": \"E1ikjilBnv\", \"data\": {\"text\": \"Key Tools for Data Visualization\", \"level\": 3}, \"type\": \"header\"}, {\"id\": \"tpnvu9HNNF\", \"data\": {\"meta\": {}, \"items\": [{\"meta\": {}, \"items\": [], \"content\": \"Matplotlib: A Python library for creating static, animated, and interactive plots.\"}, {\"meta\": {}, \"items\": [], \"content\": \"Tableau: A leading business intelligence platform for creating dashboards.\"}, {\"meta\": {}, \"items\": [], \"content\": \"Power BI: A Microsoft tool for interactive data analysis and reporting.\"}], \"style\": \"ordered\"}, \"type\": \"list\"}, {\"id\": \"Td___irlXa\", \"data\": {\"text\": \"Common Visualization Types\", \"level\": 3}, \"type\": \"header\"}, {\"id\": \"unP3hNqAJn\", \"data\": {\"meta\": {}, \"items\": [{\"meta\": {}, \"items\": [], \"content\": \"Bar Charts: Compare categories.\"}, {\"meta\": {}, \"items\": [], \"content\": \"Line Charts: Show trends over time.\"}, {\"meta\": {}, \"items\": [], \"content\": \"Scatter Plots: Display relationships between variables.\"}, {\"meta\": {}, \"items\": [], \"content\": \"Heatmaps: Highlight data intensity or frequency.\"}], \"style\": \"unordered\"}, \"type\": \"list\"}, {\"id\": \"f5Q6bEShQt\", \"data\": {\"text\": \"Conclusion\", \"level\": 3}, \"type\": \"header\"}, {\"id\": \"Ss_kzzDgAI\", \"data\": {\"text\": \"Data visualization is a powerful tool for unlocking insights from data. Whether you\'re a beginner or an expert, mastering visualization techniques is essential for communicating effectively.\"}, \"type\": \"paragraph\"}], \"version\": \"2.30.7\"}','2024-12-02 12:57:51.509201','Introduction to Data Visualization: Why It Matters','2024-12-02 12:57:51.509267',2,2),(7,'{\"time\": 1733119115222, \"blocks\": [{\"id\": \"Pa9qfrYqtb\", \"data\": {\"text\": \"Introduction\", \"level\": 3}, \"type\": \"header\"}, {\"id\": \"1xK5biPkB7\", \"data\": {\"text\": \"Dashboards are powerful tools for presenting key metrics and insights in a single view. Tableau makes it easy to create interactive and visually appealing dashboards for various industries.\"}, \"type\": \"paragraph\"}, {\"id\": \"UI8cinUhnD\", \"data\": {\"text\": \"Why Dashboards Matter\", \"level\": 3}, \"type\": \"header\"}, {\"id\": \"URlUguH1vH\", \"data\": {\"meta\": {}, \"items\": [{\"meta\": {}, \"items\": [], \"content\": \"Centralized Insights: Combine multiple data points into one view.\"}, {\"meta\": {}, \"items\": [], \"content\": \"Interactive Analysis: Users can explore data dynamically.\"}, {\"meta\": {}, \"items\": [], \"content\": \"Real-Time Updates: Integrate live data for up-to-date information.\"}], \"style\": \"unordered\"}, \"type\": \"list\"}, {\"id\": \"gkcS1s5Gk2\", \"data\": {\"text\": \"Steps to Create a Dashboard in Tableau\", \"level\": 3}, \"type\": \"header\"}, {\"id\": \"VLDK625vqz\", \"data\": {\"meta\": {}, \"items\": [{\"meta\": {}, \"items\": [], \"content\": \"Connect to Data: Import datasets from databases, Excel, or APIs.\"}, {\"meta\": {}, \"items\": [], \"content\": \"Design Layouts: Arrange charts, graphs, and filters.\"}, {\"meta\": {}, \"items\": [], \"content\": \"Add Interactivity: Use filters, parameters, and actions to enable user interaction.\"}, {\"meta\": {}, \"items\": [], \"content\": \"Optimize for Performance: Simplify calculations and use efficient data extracts.\"}], \"style\": \"ordered\"}, \"type\": \"list\"}, {\"id\": \"7RtGz1BlgN\", \"data\": {\"text\": \"Best Practices for Dashboard Design\", \"level\": 3}, \"type\": \"header\"}, {\"id\": \"MnujkXgOhM\", \"data\": {\"meta\": {}, \"items\": [{\"meta\": {}, \"items\": [], \"content\": \"Focus on key metrics to avoid clutter.\"}, {\"meta\": {}, \"items\": [], \"content\": \"Use consistent colors and fonts.\"}, {\"meta\": {}, \"items\": [], \"content\": \"Test usability with target audiences.\"}], \"style\": \"unordered\"}, \"type\": \"list\"}, {\"id\": \"uPaVH-epld\", \"data\": {\"text\": \"Conclusion\", \"level\": 3}, \"type\": \"header\"}, {\"id\": \"Rjg10QhSQS\", \"data\": {\"text\": \"Tableau empowers users to create impactful dashboards that drive better business decisions. A well-designed dashboard not only informs but also inspires action.\"}, \"type\": \"paragraph\"}], \"version\": \"2.30.7\"}','2024-12-02 12:58:35.266012','Creating Effective Dashboards with Tableau','2024-12-02 12:58:35.266048',2,2),(8,'{\"time\": 1733119216638, \"blocks\": [{\"id\": \"mU1eOJxRxd\", \"data\": {\"text\": \"Introduction\", \"level\": 3}, \"type\": \"header\"}, {\"id\": \"o4UzcBfPfo\", \"data\": {\"text\": \"Python offers several libraries for data visualization, with Matplotlib and Plotly being two popular choices. This blog compares their features, strengths, and use cases.\"}, \"type\": \"paragraph\"}, {\"id\": \"Dal3FyKnp5\", \"data\": {\"text\": \"Overview of Matplotlib\", \"level\": 3}, \"type\": \"header\"}, {\"id\": \"yggcCv3YdN\", \"data\": {\"meta\": {}, \"items\": [{\"meta\": {}, \"items\": [], \"content\": \"Static Plots: Ideal for publication-quality charts.\"}, {\"meta\": {}, \"items\": [], \"content\": \"Customization: Highly customizable but requires more coding.\"}, {\"meta\": {}, \"items\": [], \"content\": \"Popular Use Cases: Scientific plots, histograms, and bar charts.\"}], \"style\": \"unordered\"}, \"type\": \"list\"}, {\"id\": \"V1pIbi9hCV\", \"data\": {\"text\": \"Overview of Plotly\", \"level\": 3}, \"type\": \"header\"}, {\"id\": \"BznCfiXk5x\", \"data\": {\"meta\": {}, \"items\": [{\"meta\": {}, \"items\": [], \"content\": \"Interactive Visuals: Built-in support for interactivity.\"}, {\"meta\": {}, \"items\": [], \"content\": \"Ease of Use: Simple to create polished visuals.\"}, {\"meta\": {}, \"items\": [], \"content\": \"Popular Use Cases: Dashboards, 3D plots, and heatmaps.\"}], \"style\": \"unordered\"}, \"type\": \"list\"}, {\"id\": \"Eu5jfVlnyv\", \"data\": {\"text\": \"Comparison Table\", \"level\": 3}, \"type\": \"header\"}, {\"id\": \"1bFvlAOlZ1\", \"data\": {\"text\": \"Conclusion\", \"level\": 3}, \"type\": \"header\"}, {\"id\": \"VnD2ih-rPd\", \"data\": {\"text\": \"Choose Matplotlib for static and highly customized plots. Opt for Plotly when you need interactive and web-based visualizations.\"}, \"type\": \"paragraph\"}], \"version\": \"2.30.7\"}','2024-12-02 13:00:02.564345','Comparing Libraries: Matplotlib vs. Plotly for Python Visualization','2024-12-02 13:00:16.682751',2,2),(9,'{\"time\": 1733119249106, \"blocks\": [{\"id\": \"Bzpv4h1M5p\", \"data\": {\"text\": \"Introduction\", \"level\": 3}, \"type\": \"header\"}, {\"id\": \"jvQVACr6I7\", \"data\": {\"text\": \"Data storytelling bridges the gap between analytics and communication. It uses visualization techniques to tell compelling stories that resonate with audiences.\"}, \"type\": \"paragraph\"}, {\"id\": \"9cp5-bkOEF\", \"data\": {\"text\": \"What is Data Storytelling?\", \"level\": 3}, \"type\": \"header\"}, {\"id\": \"WgNYZCVM_i\", \"data\": {\"text\": \"Data storytelling combines three elements:\"}, \"type\": \"paragraph\"}, {\"id\": \"XxXHiHCZpO\", \"data\": {\"meta\": {}, \"items\": [{\"meta\": {}, \"items\": [], \"content\": \"Data: Insights derived from analysis.\"}, {\"meta\": {}, \"items\": [], \"content\": \"Visuals: Charts and graphs to simplify complex information.\"}, {\"meta\": {}, \"items\": [], \"content\": \"Narrative: A structured storyline to engage the audience.\"}], \"style\": \"ordered\"}, \"type\": \"list\"}, {\"id\": \"S954QSD7sJ\", \"data\": {\"text\": \"Steps to Create a Data Story\", \"level\": 3}, \"type\": \"header\"}, {\"id\": \"QDbKJCJiMu\", \"data\": {\"meta\": {}, \"items\": [{\"meta\": {}, \"items\": [], \"content\": \"Define the Objective: Understand what message you want to convey.\"}, {\"meta\": {}, \"items\": [], \"content\": \"Choose the Right Visuals: Match the data type to the appropriate chart or graph.\"}, {\"meta\": {}, \"items\": [], \"content\": \"Simplify the Storyline: Avoid overloading with unnecessary details.\"}, {\"meta\": {}, \"items\": [], \"content\": \"Highlight Key Points: Use annotations and emphasis to draw attention to important insights.\"}], \"style\": \"ordered\"}, \"type\": \"list\"}, {\"id\": \"J-nqp1yfQp\", \"data\": {\"text\": \"Examples of Data Storytelling\", \"level\": 3}, \"type\": \"header\"}, {\"id\": \"2AjbDH1Jh0\", \"data\": {\"meta\": {}, \"items\": [{\"meta\": {}, \"items\": [], \"content\": \"Tracking COVID-19 cases with time-series charts.\"}, {\"meta\": {}, \"items\": [], \"content\": \"Demonstrating sales growth using bar and line charts.\"}, {\"meta\": {}, \"items\": [], \"content\": \"Comparing market shares through pie charts.\"}], \"style\": \"unordered\"}, \"type\": \"list\"}, {\"id\": \"Q9nHYQX3Nj\", \"data\": {\"text\": \"Conclusion\", \"level\": 3}, \"type\": \"header\"}, {\"id\": \"inVk0gWG8y\", \"data\": {\"text\": \"Data storytelling turns raw data into meaningful narratives. By combining insights, visuals, and storytelling, you can drive impactful communication.\"}, \"type\": \"paragraph\"}], \"version\": \"2.30.7\"}','2024-12-02 13:00:49.155925','Data Storytelling: Crafting Narratives with Visualizations','2024-12-02 13:00:49.155966',2,2),(10,'{\"time\": 1733119278115, \"blocks\": [{\"id\": \"IZE78HvPIm\", \"data\": {\"text\": \"Introduction\", \"level\": 3}, \"type\": \"header\"}, {\"id\": \"X2CV_hiJFS\", \"data\": {\"text\": \"Power BI is a powerful tool for creating advanced visualizations and reports. It offers a wide range of features for both beginners and professionals.\"}, \"type\": \"paragraph\"}, {\"id\": \"QY4eBzYxug\", \"data\": {\"text\": \"Key Features of Power BI\", \"level\": 3}, \"type\": \"header\"}, {\"id\": \"ZxwXvmrf8i\", \"data\": {\"meta\": {}, \"items\": [{\"meta\": {}, \"items\": [], \"content\": \"Custom Visuals: Use pre-built or custom visuals to enhance dashboards.\"}, {\"meta\": {}, \"items\": [], \"content\": \"Data Integration: Connect to a variety of data sources, including SQL, Excel, and cloud services.\"}, {\"meta\": {}, \"items\": [], \"content\": \"DAX Functions: Create calculated measures and columns for deeper insights.\"}, {\"meta\": {}, \"items\": [], \"content\": \"AI Insights: Leverage AI-powered visuals like Key Influencers.\"}], \"style\": \"ordered\"}, \"type\": \"list\"}, {\"id\": \"tmd85D02hN\", \"data\": {\"text\": \"Advanced Techniques\", \"level\": 3}, \"type\": \"header\"}, {\"id\": \"xLJaxsED8N\", \"data\": {\"meta\": {}, \"items\": [{\"meta\": {}, \"items\": [], \"content\": \"Drill-Through Pages: Enable users to explore detailed views.\"}, {\"meta\": {}, \"items\": [], \"content\": \"Dynamic Slicers: Allow filtering based on user inputs.\"}, {\"meta\": {}, \"items\": [], \"content\": \"R and Python Visuals: Integrate advanced visualizations through scripting.\"}, {\"meta\": {}, \"items\": [], \"content\": \"Performance Optimization: Use aggregations and reduce model size for faster reports.\"}], \"style\": \"ordered\"}, \"type\": \"list\"}, {\"id\": \"1dlfWLrmIs\", \"data\": {\"text\": \"Best Practices for Using Power BI\", \"level\": 3}, \"type\": \"header\"}, {\"id\": \"hpFRI7Bz0T\", \"data\": {\"meta\": {}, \"items\": [{\"meta\": {}, \"items\": [], \"content\": \"Use consistent themes to maintain visual clarity.\"}, {\"meta\": {}, \"items\": [], \"content\": \"Regularly update data connections to reflect the latest insights.\"}, {\"meta\": {}, \"items\": [], \"content\": \"Document the report structure for team collaboration.\"}], \"style\": \"unordered\"}, \"type\": \"list\"}, {\"id\": \"KWu7ekKQP2\", \"data\": {\"text\": \"Conclusion\", \"level\": 3}, \"type\": \"header\"}, {\"id\": \"QuYnzf1Gry\", \"data\": {\"text\": \"Power BI’s advanced features make it a versatile tool for creating impactful visualizations. Mastering these techniques will elevate your data analysis and storytelling capabilities.\"}, \"type\": \"paragraph\"}], \"version\": \"2.30.7\"}','2024-12-02 13:01:18.148578','Advanced Data Visualization Techniques with Power BI','2024-12-02 13:01:18.148615',2,2),(11,'{\"time\": 1733119536552, \"blocks\": [{\"id\": \"DIqKyvzYjc\", \"data\": {\"text\": \"Introduction\", \"level\": 3}, \"type\": \"header\"}, {\"id\": \"J5r8HMPNmM\", \"data\": {\"text\": \"Machine Learning (ML) is a subset of Artificial Intelligence (AI) that enables systems to learn and improve from experience without being explicitly programmed. It is widely used in industries such as healthcare, finance, and e-commerce to drive innovation.\"}, \"type\": \"paragraph\"}, {\"id\": \"_zKHc7mvac\", \"data\": {\"text\": \"Key Concepts in Machine Learning\", \"level\": 3}, \"type\": \"header\"}, {\"id\": \"nLYnP50Ps7\", \"data\": {\"meta\": {}, \"items\": [{\"meta\": {}, \"items\": [], \"content\": \"Supervised Learning:<ul><li data-empty=\\\"false\\\">The algorithm learns from labeled data.</li><li data-empty=\\\"false\\\">Common applications: Classification (e.g., email spam detection), Regression (e.g., predicting house prices).</li></ul>\"}, {\"meta\": {}, \"items\": [], \"content\": \"Unsupervised Learning:<ul><li data-empty=\\\"false\\\">The algorithm identifies patterns in unlabeled data.</li><li data-empty=\\\"false\\\">Common applications: Clustering (e.g., customer segmentation), Association Rules (e.g., market basket analysis).</li></ul>\"}, {\"meta\": {}, \"items\": [], \"content\": \"Reinforcement Learning:<ul><li data-empty=\\\"false\\\">Agents learn to make decisions by interacting with an environment to maximize a reward.</li><li data-empty=\\\"false\\\">Common applications: Robotics, gaming.</li></ul>\"}], \"style\": \"ordered\"}, \"type\": \"list\"}, {\"id\": \"F0ZYDPu-uK\", \"data\": {\"text\": \"Popular ML Algorithms\", \"level\": 3}, \"type\": \"header\"}, {\"id\": \"KajMFjvrks\", \"data\": {\"meta\": {}, \"items\": [{\"meta\": {}, \"items\": [], \"content\": \"Linear Regression\"}, {\"meta\": {}, \"items\": [], \"content\": \"Decision Trees\"}, {\"meta\": {}, \"items\": [], \"content\": \"Neural Networks\"}, {\"meta\": {}, \"items\": [], \"content\": \"k-Means Clustering\"}], \"style\": \"unordered\"}, \"type\": \"list\"}, {\"id\": \"D75ufv9KTp\", \"data\": {\"text\": \"Applications of ML\", \"level\": 3}, \"type\": \"header\"}, {\"id\": \"8Px0lVwzAA\", \"data\": {\"meta\": {}, \"items\": [{\"meta\": {}, \"items\": [], \"content\": \"Healthcare: Disease diagnosis using medical imaging.\"}, {\"meta\": {}, \"items\": [], \"content\": \"Finance: Fraud detection in transactions.\"}, {\"meta\": {}, \"items\": [], \"content\": \"Retail: Personalized product recommendations.\"}], \"style\": \"unordered\"}, \"type\": \"list\"}, {\"id\": \"q1iSpT_a7a\", \"data\": {\"text\": \"Conclusion\", \"level\": 3}, \"type\": \"header\"}, {\"id\": \"9buYpx3NgU\", \"data\": {\"text\": \"Machine Learning is a cornerstone of modern AI, enabling systems to solve complex problems through data-driven approaches. It’s an exciting field with endless applications.\"}, \"type\": \"paragraph\"}], \"version\": \"2.30.7\"}','2024-12-02 13:05:36.587626','Introduction to Machine Learning: Concepts and Applications','2024-12-02 13:05:36.587662',5,3),(12,'{\"time\": 1733119575428, \"blocks\": [{\"id\": \"G0fS9EgoEa\", \"data\": {\"text\": \"Introduction\", \"level\": 3}, \"type\": \"header\"}, {\"id\": \"R7xLYF84S5\", \"data\": {\"text\": \"Supervised Learning is one of the most widely used paradigms in Machine Learning, relying on labeled data to train models. It encompasses two main tasks: regression and classification.\"}, \"type\": \"paragraph\"}, {\"id\": \"CCxTMzSTXT\", \"data\": {\"text\": \"Regression: Predicting Continuous Outcomes\", \"level\": 3}, \"type\": \"header\"}, {\"id\": \"wF5jAJCRRC\", \"data\": {\"meta\": {}, \"items\": [{\"meta\": {}, \"items\": [], \"content\": \"Definition: Models the relationship between input variables and a continuous target variable.\"}, {\"meta\": {}, \"items\": [{\"meta\": {}, \"items\": [], \"content\": \"Predicting house prices based on features like location and size.\"}, {\"meta\": {}, \"items\": [], \"content\": \"Forecasting stock prices.\"}], \"content\": \"Examples:<ul><li data-empty=\\\"false\\\">Predicting house prices based on features like location and size.</li><li data-empty=\\\"false\\\">Forecasting stock prices.</li></ul>\"}, {\"meta\": {}, \"items\": [{\"meta\": {}, \"items\": [], \"content\": \"Linear Regression\"}, {\"meta\": {}, \"items\": [], \"content\": \"Polynomial Regression\"}], \"content\": \"Common Algorithms:<ul><li data-empty=\\\"false\\\">Linear Regression</li><li data-empty=\\\"false\\\">Polynomial Regression</li></ul>\"}], \"style\": \"unordered\"}, \"type\": \"list\"}, {\"id\": \"VI-OdXFP3f\", \"data\": {\"text\": \"Classification: Categorizing Data\", \"level\": 3}, \"type\": \"header\"}, {\"id\": \"3HmwjNMT_V\", \"data\": {\"meta\": {}, \"items\": [{\"meta\": {}, \"items\": [], \"content\": \"Definition: Assigns input data to predefined categories.\"}, {\"meta\": {}, \"items\": [{\"meta\": {}, \"items\": [], \"content\": \"Email spam detection.\"}, {\"meta\": {}, \"items\": [], \"content\": \"Image recognition (e.g., identifying cats vs. dogs).\"}], \"content\": \"Examples:<ul><li data-empty=\\\"false\\\">Email spam detection.</li><li data-empty=\\\"false\\\">Image recognition (e.g., identifying cats vs. dogs).</li></ul>\"}, {\"meta\": {}, \"items\": [{\"meta\": {}, \"items\": [], \"content\": \"Logistic Regression\"}, {\"meta\": {}, \"items\": [], \"content\": \"Support Vector Machines (SVM)\"}], \"content\": \"Common Algorithms:<ul><li data-empty=\\\"false\\\">Logistic Regression</li><li data-empty=\\\"false\\\">Support Vector Machines (SVM)</li></ul>\"}], \"style\": \"unordered\"}, \"type\": \"list\"}, {\"id\": \"HDPHyevzBQ\", \"data\": {\"text\": \"Steps in Supervised Learning\", \"level\": 3}, \"type\": \"header\"}, {\"id\": \"uAmtmvpSut\", \"data\": {\"meta\": {}, \"items\": [{\"meta\": {}, \"items\": [], \"content\": \"Collect labeled data.\"}, {\"meta\": {}, \"items\": [], \"content\": \"Split data into training and testing sets.\"}, {\"meta\": {}, \"items\": [], \"content\": \"Train the model on the training set.\"}, {\"meta\": {}, \"items\": [], \"content\": \"Evaluate performance using metrics like accuracy and RMSE.\"}], \"style\": \"ordered\"}, \"type\": \"list\"}, {\"id\": \"1qZmZP3uqn\", \"data\": {\"text\": \"Conclusion\", \"level\": 3}, \"type\": \"header\"}, {\"id\": \"E7Jg7vFuVP\", \"data\": {\"text\": \"Supervised Learning is a powerful framework for solving a variety of real-world problems. By mastering regression and classification techniques, you can build effective ML models.\"}, \"type\": \"paragraph\"}], \"version\": \"2.30.7\"}','2024-12-02 13:06:15.461952','Supervised Learning: Exploring Regression and Classification','2024-12-02 13:06:15.461996',5,3),(13,'{\"time\": 1733119601939, \"blocks\": [{\"id\": \"6BGq7yCLZA\", \"data\": {\"text\": \"Introduction\", \"level\": 3}, \"type\": \"header\"}, {\"id\": \"GBfen__Vjc\", \"data\": {\"text\": \"Neural Networks are a cornerstone of modern Machine Learning, mimicking the human brain to process complex patterns in data. They are the building blocks of Deep Learning.\"}, \"type\": \"paragraph\"}, {\"id\": \"dR71xDlheB\", \"data\": {\"text\": \"What Are Neural Networks?\", \"level\": 3}, \"type\": \"header\"}, {\"id\": \"xz2pQXC4NF\", \"data\": {\"meta\": {}, \"items\": [{\"meta\": {}, \"items\": [{\"meta\": {}, \"items\": [], \"content\": \"Input Layer: Accepts the input features.\"}, {\"meta\": {}, \"items\": [], \"content\": \"Hidden Layers: Process data through activation functions.\"}, {\"meta\": {}, \"items\": [], \"content\": \"Output Layer: Produces predictions.\"}], \"content\": \"Structure: Composed of layers of interconnected nodes (neurons).<ul><li data-empty=\\\"false\\\">Input Layer: Accepts the input features.</li><li data-empty=\\\"false\\\">Hidden Layers: Process data through activation functions.</li><li data-empty=\\\"false\\\">Output Layer: Produces predictions.</li></ul>\"}, {\"meta\": {}, \"items\": [{\"meta\": {}, \"items\": [], \"content\": \"Forward propagation: Calculates outputs.\"}, {\"meta\": {}, \"items\": [], \"content\": \"Backpropagation: Adjusts weights to minimize errors.\"}], \"content\": \"Learning Process:<ul><li data-empty=\\\"false\\\">Forward propagation: Calculates outputs.</li><li data-empty=\\\"false\\\">Backpropagation: Adjusts weights to minimize errors.</li></ul>\"}], \"style\": \"unordered\"}, \"type\": \"list\"}, {\"id\": \"EltvLL8rSF\", \"data\": {\"text\": \"Applications of Neural Networks\", \"level\": 3}, \"type\": \"header\"}, {\"id\": \"NIHzU-o_6F\", \"data\": {\"meta\": {}, \"items\": [{\"meta\": {}, \"items\": [], \"content\": \"Image Recognition: Identifying objects in photos (e.g., facial recognition).\"}, {\"meta\": {}, \"items\": [], \"content\": \"Natural Language Processing: Powering chatbots and language translation.\"}, {\"meta\": {}, \"items\": [], \"content\": \"Time Series Forecasting: Predicting stock prices and weather patterns.\"}], \"style\": \"ordered\"}, \"type\": \"list\"}, {\"id\": \"0SB20KTD4A\", \"data\": {\"text\": \"Common Types of Neural Networks\", \"level\": 3}, \"type\": \"header\"}, {\"id\": \"4qignQJF5N\", \"data\": {\"meta\": {}, \"items\": [{\"meta\": {}, \"items\": [], \"content\": \"Feedforward Neural Networks (FNN): Basic architecture for structured data.\"}, {\"meta\": {}, \"items\": [], \"content\": \"Convolutional Neural Networks (CNN): Optimized for image and video processing.\"}, {\"meta\": {}, \"items\": [], \"content\": \"Recurrent Neural Networks (RNN): Designed for sequential data, such as text or time series.\"}], \"style\": \"unordered\"}, \"type\": \"list\"}, {\"id\": \"946KwE7_ty\", \"data\": {\"text\": \"Conclusion\", \"level\": 3}, \"type\": \"header\"}, {\"id\": \"ff9CUHCWcL\", \"data\": {\"text\": \"Neural Networks have revolutionized ML, enabling breakthroughs in AI. Learning their structure and applications is key to understanding modern data science.\"}, \"type\": \"paragraph\"}], \"version\": \"2.30.7\"}','2024-12-02 13:06:41.978960','Neural Networks: The Foundation of Deep Learning','2024-12-02 13:06:41.979008',5,3),(14,'{\"time\": 1733119885416, \"blocks\": [{\"id\": \"4Ku1RMHQDo\", \"data\": {\"text\": \"Introduction\", \"level\": 3}, \"type\": \"header\"}, {\"id\": \"VEfbljEHuA\", \"data\": {\"text\": \"Model evaluation is a critical step in the Machine Learning pipeline, ensuring the effectiveness of predictions. Selecting appropriate metrics and techniques is essential for reliable performance analysis.\"}, \"type\": \"paragraph\"}, {\"id\": \"qFEhtwwFAO\", \"data\": {\"text\": \"Common Evaluation Metrics\", \"level\": 3}, \"type\": \"header\"}, {\"id\": \"9tEJnP-vxg\", \"data\": {\"meta\": {}, \"items\": [{\"meta\": {}, \"items\": [], \"content\": \"Classification Metrics:<ul><li data-empty=\\\"false\\\">Accuracy: Proportion of correct predictions.</li><li data-empty=\\\"false\\\">Precision: Correctly predicted positives among all predicted positives.</li><li data-empty=\\\"false\\\">Recall: Correctly predicted positives among actual positives.</li><li data-empty=\\\"false\\\">F1 Score: Harmonic mean of precision and recall.</li></ul>\"}, {\"meta\": {}, \"items\": [], \"content\": \"Regression Metrics:<ul><li data-empty=\\\"false\\\">Mean Absolute Error (MAE): Average absolute differences between predictions and actual values.</li><li data-empty=\\\"false\\\">Mean Squared Error (MSE): Penalizes larger errors.</li><li data-empty=\\\"false\\\">R-squared: Explains the variance captured by the model.</li></ul>\"}], \"style\": \"ordered\"}, \"type\": \"list\"}, {\"id\": \"ZcDA8WAqb-\", \"data\": {\"text\": \"Cross-Validation Techniques\", \"level\": 3}, \"type\": \"header\"}, {\"id\": \"dXDlI84hNf\", \"data\": {\"meta\": {}, \"items\": [{\"meta\": {}, \"items\": [], \"content\": \"Holdout Validation: Splitting data into training and test sets.\"}, {\"meta\": {}, \"items\": [], \"content\": \"k-Fold Cross-Validation: Dividing data into k subsets to evaluate model performance consistently.\"}, {\"meta\": {}, \"items\": [], \"content\": \"Leave-One-Out Validation: Special case of k-Fold where k equals the total number of samples.\"}], \"style\": \"unordered\"}, \"type\": \"list\"}, {\"id\": \"Rf9HLpygul\", \"data\": {\"text\": \"Importance of Evaluation\", \"level\": 3}, \"type\": \"header\"}, {\"id\": \"RQUDIqbD7_\", \"data\": {\"meta\": {}, \"items\": [{\"meta\": {}, \"items\": [], \"content\": \"Ensures the model generalizes well to unseen data.\"}, {\"meta\": {}, \"items\": [], \"content\": \"Helps identify overfitting or underfitting.\"}], \"style\": \"unordered\"}, \"type\": \"list\"}, {\"id\": \"Dsmp0CNXeP\", \"data\": {\"text\": \"Conclusion\", \"level\": 3}, \"type\": \"header\"}, {\"id\": \"3BzOSHy1dl\", \"data\": {\"text\": \"Evaluating ML models with appropriate metrics and techniques ensures their reliability and accuracy. It’s a key skill for building robust data-driven solutions.\"}, \"type\": \"paragraph\"}], \"version\": \"2.30.7\"}','2024-12-02 13:11:25.454058','Evaluating Machine Learning Models: Metrics and Techniques','2024-12-02 13:11:25.454119',5,3),(15,'{\"time\": 1733119935831, \"blocks\": [{\"id\": \"6AF0X7L2F-\", \"data\": {\"text\": \"Introduction\", \"level\": 3}, \"type\": \"header\"}, {\"id\": \"qLe9YNXn9m\", \"data\": {\"text\": \"Reinforcement Learning (RL) is an exciting field of Machine Learning where agents learn by interacting with their environment. It’s widely used in gaming, robotics, and autonomous systems.\"}, \"type\": \"paragraph\"}, {\"id\": \"SUwCbwlV3p\", \"data\": {\"text\": \"How Reinforcement Learning Works\", \"level\": 3}, \"type\": \"header\"}, {\"id\": \"CNg_El9wB7\", \"data\": {\"meta\": {}, \"items\": [{\"meta\": {}, \"items\": [], \"content\": \"Agent: The decision-maker (e.g., a robot).\"}, {\"meta\": {}, \"items\": [], \"content\": \"Environment: The system within which the agent operates.\"}, {\"meta\": {}, \"items\": [], \"content\": \"Action: Choices made by the agent.\"}, {\"meta\": {}, \"items\": [], \"content\": \"Reward: Feedback from the environment based on actions.\"}], \"style\": \"unordered\"}, \"type\": \"list\"}, {\"id\": \"RHOU6Eaurf\", \"data\": {\"text\": \"Key Concepts\", \"level\": 3}, \"type\": \"header\"}, {\"id\": \"AR7RuwzeAo\", \"data\": {\"meta\": {}, \"items\": [{\"meta\": {}, \"items\": [], \"content\": \"Markov Decision Process (MDP): A framework defining states, actions, and rewards.\"}, {\"meta\": {}, \"items\": [], \"content\": \"Exploration vs. Exploitation:<ul><li data-empty=\\\"false\\\">Exploration: Trying new actions to learn more about the environment.</li><li data-empty=\\\"false\\\">Exploitation: Choosing actions that yield the highest reward.</li></ul>\"}, {\"meta\": {}, \"items\": [], \"content\": \"Q-Learning: A popular RL algorithm that uses a Q-value function to guide decisions.\"}], \"style\": \"ordered\"}, \"type\": \"list\"}, {\"id\": \"XHvz86-Wnc\", \"data\": {\"text\": \"Applications of RL\", \"level\": 3}, \"type\": \"header\"}, {\"id\": \"AoiDF3Lm3E\", \"data\": {\"meta\": {}, \"items\": [{\"meta\": {}, \"items\": [], \"content\": \"Gaming: Training AI to play complex games like Go or DOTA.\"}, {\"meta\": {}, \"items\": [], \"content\": \"Robotics: Teaching robots to navigate environments.\"}, {\"meta\": {}, \"items\": [], \"content\": \"Self-Driving Cars: Learning optimal driving policies.\"}], \"style\": \"ordered\"}, \"type\": \"list\"}, {\"id\": \"rP42DaHXcu\", \"data\": {\"text\": \"Conclusion\", \"level\": 3}, \"type\": \"header\"}, {\"id\": \"we5lBY84Cm\", \"data\": {\"text\": \"Reinforcement Learning pushes the boundaries of AI, enabling machines to learn complex behaviors through trial and error. It’s a field that promises transformative innovations in technology.\"}, \"type\": \"paragraph\"}], \"version\": \"2.30.7\"}','2024-12-02 13:12:15.870713','Reinforcement Learning: Training Agents to Make Decisions','2024-12-02 13:12:15.870753',5,3),(16,'{\"time\": 1733119985699, \"blocks\": [{\"id\": \"YAK461lDk0\", \"data\": {\"text\": \"Introduction\", \"level\": 3}, \"type\": \"header\"}, {\"id\": \"q_Fd8Fqq0d\", \"data\": {\"text\": \"Computer Vision (CV) enables machines to interpret and understand visual information from the world. It’s a rapidly evolving field with applications in various industries like healthcare, retail, and autonomous vehicles.\"}, \"type\": \"paragraph\"}, {\"id\": \"AxnbICaeaq\", \"data\": {\"text\": \"Key Concepts in Computer Vision\", \"level\": 3}, \"type\": \"header\"}, {\"id\": \"9iXMp0rly4\", \"data\": {\"meta\": {}, \"items\": [{\"meta\": {}, \"items\": [], \"content\": \"Image Processing:<ul><li data-empty=\\\"false\\\">Prepares and enhances images for further analysis.</li><li data-empty=\\\"false\\\">Examples: Noise reduction, resizing, and color adjustments.</li></ul>\"}, {\"meta\": {}, \"items\": [], \"content\": \"Feature Extraction:<ul><li data-empty=\\\"false\\\">Identifies key elements in an image, like edges, corners, or textures.</li></ul>\"}, {\"meta\": {}, \"items\": [], \"content\": \"Object Detection:<ul><li data-empty=\\\"false\\\">Locates and identifies objects within images or videos.</li></ul>\"}], \"style\": \"ordered\"}, \"type\": \"list\"}, {\"id\": \"_dH-VJ5SXl\", \"data\": {\"text\": \"Common Techniques in CV\", \"level\": 3}, \"type\": \"header\"}, {\"id\": \"qCNXfvtx7a\", \"data\": {\"meta\": {}, \"items\": [{\"meta\": {}, \"items\": [], \"content\": \"Convolutional Neural Networks (CNNs): Deep learning models designed for image data.\"}, {\"meta\": {}, \"items\": [], \"content\": \"Image Segmentation: Divides an image into meaningful regions (e.g., separating objects from the background).\"}, {\"meta\": {}, \"items\": [], \"content\": \"Optical Flow: Tracks motion between consecutive frames.\"}], \"style\": \"unordered\"}, \"type\": \"list\"}, {\"id\": \"V-kBKNohth\", \"data\": {\"text\": \"Applications of Computer Vision\", \"level\": 3}, \"type\": \"header\"}, {\"id\": \"3ctfEK6rQc\", \"data\": {\"meta\": {}, \"items\": [{\"meta\": {}, \"items\": [], \"content\": \"Healthcare: Detecting diseases through medical imaging.\"}, {\"meta\": {}, \"items\": [], \"content\": \"Retail: Automated inventory management.\"}, {\"meta\": {}, \"items\": [], \"content\": \"Autonomous Vehicles: Identifying objects on the road.\"}], \"style\": \"ordered\"}, \"type\": \"list\"}, {\"id\": \"HgSHQd3h9W\", \"data\": {\"text\": \"Conclusion\", \"level\": 3}, \"type\": \"header\"}, {\"id\": \"byXiU8C3_m\", \"data\": {\"text\": \"Computer Vision bridges the gap between digital systems and the physical world, revolutionizing industries by enabling machines to \\\"see\\\" and make decisions based on visual data.\"}, \"type\": \"paragraph\"}], \"version\": \"2.30.7\"}','2024-12-02 13:13:05.754611','Introduction to Computer Vision: Concepts and Applications','2024-12-02 13:13:05.754670',8,3),(17,'{\"time\": 1733120018223, \"blocks\": [{\"id\": \"suAB3Sf0c2\", \"data\": {\"text\": \"Introduction\", \"level\": 3}, \"type\": \"header\"}, {\"id\": \"NH3hZW9YLw\", \"data\": {\"text\": \"Convolutional Neural Networks (CNNs) are the backbone of modern Computer Vision. They are designed to process image data and identify patterns like edges, textures, and objects.\"}, \"type\": \"paragraph\"}, {\"id\": \"T5feSgbggl\", \"data\": {\"text\": \"How CNNs Work\", \"level\": 3}, \"type\": \"header\"}, {\"id\": \"W8IC5CIMLQ\", \"data\": {\"meta\": {}, \"items\": [{\"meta\": {}, \"items\": [], \"content\": \"Convolutional Layers:<ul><li data-empty=\\\"false\\\">Apply filters to input images to extract features.</li><li data-empty=\\\"false\\\">Examples: Edge detection, texture identification.</li></ul>\"}, {\"meta\": {}, \"items\": [], \"content\": \"Pooling Layers:<ul><li data-empty=\\\"false\\\">Reduce spatial dimensions to make computations efficient.</li><li data-empty=\\\"false\\\">Common types: Max pooling, average pooling.</li></ul>\"}, {\"meta\": {}, \"items\": [], \"content\": \"Fully Connected Layers:<ul><li data-empty=\\\"false\\\">Combine extracted features for classification or regression.</li></ul>\"}], \"style\": \"ordered\"}, \"type\": \"list\"}, {\"id\": \"L5eAqMb3zt\", \"data\": {\"text\": \"Applications of CNNs\", \"level\": 3}, \"type\": \"header\"}, {\"id\": \"K6BGKghbLg\", \"data\": {\"meta\": {}, \"items\": [{\"meta\": {}, \"items\": [], \"content\": \"Image Classification: Labeling images (e.g., cat vs. dog).\"}, {\"meta\": {}, \"items\": [], \"content\": \"Object Detection: Locating objects within images.\"}, {\"meta\": {}, \"items\": [], \"content\": \"Face Recognition: Identifying and verifying faces in photos.\"}], \"style\": \"ordered\"}, \"type\": \"list\"}, {\"id\": \"oxZnNawaz9\", \"data\": {\"text\": \"Popular CNN Architectures\", \"level\": 3}, \"type\": \"header\"}, {\"id\": \"D5IjVdp1j3\", \"data\": {\"meta\": {}, \"items\": [{\"meta\": {}, \"items\": [], \"content\": \"LeNet: Early model for digit recognition.\"}, {\"meta\": {}, \"items\": [], \"content\": \"AlexNet: Advanced deep network that popularized CNNs.\"}, {\"meta\": {}, \"items\": [], \"content\": \"ResNet: Uses skip connections to solve vanishing gradient issues.\"}], \"style\": \"unordered\"}, \"type\": \"list\"}, {\"id\": \"F_nMSODzX-\", \"data\": {\"text\": \"Conclusion\", \"level\": 3}, \"type\": \"header\"}, {\"id\": \"ZgpyaEbX0G\", \"data\": {\"text\": \"CNNs have revolutionized Computer Vision, enabling machines to perform tasks like image recognition and object detection with remarkable accuracy.\"}, \"type\": \"paragraph\"}], \"version\": \"2.30.7\"}','2024-12-02 13:13:38.258481','Understanding Convolutional Neural Networks (CNNs)','2024-12-02 13:13:38.258535',8,3),(18,'{\"time\": 1733120091069, \"blocks\": [{\"id\": \"JfJzhG-rCS\", \"data\": {\"text\": \"Introduction\", \"level\": 3}, \"type\": \"header\"}, {\"id\": \"yLFTOEeQ-O\", \"data\": {\"text\": \"Object detection is a key task in Computer Vision that involves identifying and localizing objects within images or videos. It has applications in surveillance, robotics, and e-commerce.\"}, \"type\": \"paragraph\"}, {\"id\": \"6DiucuxpK_\", \"data\": {\"text\": \"How Object Detection Works\", \"level\": 3}, \"type\": \"header\"}, {\"id\": \"_F-8HAtTwN\", \"data\": {\"meta\": {\"counterType\": \"numeric\"}, \"items\": [{\"meta\": {}, \"items\": [], \"content\": \"Bounding Boxes:<ul><li data-empty=\\\"false\\\">Identify the location of objects within an image.</li></ul>\"}, {\"meta\": {}, \"items\": [], \"content\": \"Classification:<ul><li data-empty=\\\"false\\\">Assign labels to detected objects.</li></ul>\"}], \"style\": \"ordered\"}, \"type\": \"list\"}, {\"id\": \"cdFmnNanhO\", \"data\": {\"text\": \"Common Object Detection Models\", \"level\": 3}, \"type\": \"header\"}, {\"id\": \"m7rLWgGUYi\", \"data\": {\"meta\": {}, \"items\": [{\"meta\": {}, \"items\": [], \"content\": \"YOLO (You Only Look Once): Fast and efficient, suitable for real-time applications.\"}, {\"meta\": {}, \"items\": [], \"content\": \"Faster R-CNN: Provides high accuracy for complex datasets.\"}, {\"meta\": {}, \"items\": [], \"content\": \"SSD (Single Shot Detector): Balances speed and accuracy.\"}], \"style\": \"unordered\"}, \"type\": \"list\"}, {\"id\": \"Ok55cIsI1G\", \"data\": {\"text\": \"Applications of Object Detection\", \"level\": 3}, \"type\": \"header\"}, {\"id\": \"i-KM72tb7Z\", \"data\": {\"meta\": {\"counterType\": \"numeric\"}, \"items\": [{\"meta\": {}, \"items\": [], \"content\": \"Autonomous Driving: Detecting pedestrians, vehicles, and road signs.\"}, {\"meta\": {}, \"items\": [], \"content\": \"Retail: Identifying products for inventory management.\"}, {\"meta\": {}, \"items\": [], \"content\": \"Healthcare: Detecting tumors in medical scans.\"}], \"style\": \"ordered\"}, \"type\": \"list\"}, {\"id\": \"gofexFO-2k\", \"data\": {\"text\": \"Challenges in Object Detection\", \"level\": 3}, \"type\": \"header\"}, {\"id\": \"VIqGg968DN\", \"data\": {\"meta\": {}, \"items\": [{\"meta\": {}, \"items\": [], \"content\": \"Handling overlapping objects.\"}, {\"meta\": {}, \"items\": [], \"content\": \"Detecting small objects in large images.\"}, {\"meta\": {}, \"items\": [], \"content\": \"Adapting to varying lighting conditions.\"}], \"style\": \"unordered\"}, \"type\": \"list\"}, {\"id\": \"_tvM0sANET\", \"data\": {\"text\": \"Conclusion\", \"level\": 3}, \"type\": \"header\"}, {\"id\": \"CHj-vta61e\", \"data\": {\"text\": \"Object detection is a transformative technology, enabling systems to analyze and interact with their environments effectively.\"}, \"type\": \"paragraph\"}], \"version\": \"2.30.7\"}','2024-12-02 13:14:04.250494','Object Detection: Identifying Objects in Images','2024-12-02 13:14:51.111027',8,3),(19,'{\"time\": 1733120071205, \"blocks\": [{\"id\": \"VBMRTbMUCT\", \"data\": {\"text\": \"Introduction\", \"level\": 3}, \"type\": \"header\"}, {\"id\": \"Y234yV-e9Z\", \"data\": {\"text\": \"Image segmentation divides an image into regions to better understand its structure. It’s a critical task in fields like medical imaging, robotics, and virtual reality.\"}, \"type\": \"paragraph\"}, {\"id\": \"QOJjhsGTNP\", \"data\": {\"text\": \"Types of Image Segmentation\", \"level\": 3}, \"type\": \"header\"}, {\"id\": \"Dd6j5fZO4-\", \"data\": {\"meta\": {}, \"items\": [{\"meta\": {}, \"items\": [], \"content\": \"Semantic Segmentation:<ul><li data-empty=\\\"false\\\">Groups pixels based on object categories (e.g., all pixels of a cat).</li></ul>\"}, {\"meta\": {}, \"items\": [], \"content\": \"Instance Segmentation:<ul><li data-empty=\\\"false\\\">Distinguishes between individual objects within the same category.</li></ul>\"}, {\"meta\": {}, \"items\": [], \"content\": \"Panoptic Segmentation:<ul><li data-empty=\\\"false\\\">Combines semantic and instance segmentation.</li></ul>\"}], \"style\": \"ordered\"}, \"type\": \"list\"}, {\"id\": \"n7NSfV_gub\", \"data\": {\"text\": \"Popular Segmentation Models\", \"level\": 3}, \"type\": \"header\"}, {\"id\": \"8U7D69el0M\", \"data\": {\"meta\": {}, \"items\": [{\"meta\": {}, \"items\": [], \"content\": \"U-Net: Widely used in medical imaging.\"}, {\"meta\": {}, \"items\": [], \"content\": \"Mask R-CNN: Extends Faster R-CNN for instance segmentation.\"}, {\"meta\": {}, \"items\": [], \"content\": \"DeepLab: Employs dilated convolutions for detailed segmentation.\"}], \"style\": \"unordered\"}, \"type\": \"list\"}, {\"id\": \"nEJT0Szj7S\", \"data\": {\"text\": \"Applications of Image Segmentation\", \"level\": 3}, \"type\": \"header\"}, {\"id\": \"uDIaCfbq8v\", \"data\": {\"meta\": {}, \"items\": [{\"meta\": {}, \"items\": [], \"content\": \"Healthcare: Segmenting tumors in MRI scans.\"}, {\"meta\": {}, \"items\": [], \"content\": \"Agriculture: Identifying crop areas in aerial images.\"}, {\"meta\": {}, \"items\": [], \"content\": \"Robotics: Enabling robots to understand their environments.\"}], \"style\": \"ordered\"}, \"type\": \"list\"}, {\"id\": \"qQeSyvttUM\", \"data\": {\"text\": \"Conclusion\", \"level\": 3}, \"type\": \"header\"}, {\"id\": \"0Zi0ZGjpTP\", \"data\": {\"text\": \"Image segmentation allows machines to analyze images at a pixel level, unlocking deeper insights and enabling precise decision-making.\"}, \"type\": \"paragraph\"}], \"version\": \"2.30.7\"}','2024-12-02 13:14:31.251018','Image Segmentation: Understanding Pixels','2024-12-02 13:14:31.251067',8,3),(20,'{\"time\": 1733122455149, \"blocks\": [{\"id\": \"XMHxWBuJk1\", \"data\": {\"text\": \"Introduction\", \"level\": 3}, \"type\": \"header\"}, {\"id\": \"6gKMONhHfv\", \"data\": {\"text\": \"Computer Vision has made tremendous strides, but challenges remain. Overcoming these obstacles will define the next wave of innovation in this field.\"}, \"type\": \"paragraph\"}, {\"id\": \"D3WzZlLelx\", \"data\": {\"text\": \"Current Challenges in Computer Vision\", \"level\": 3}, \"type\": \"header\"}, {\"id\": \"0ayyo1mB_6\", \"data\": {\"meta\": {\"counterType\": \"numeric\"}, \"items\": [{\"meta\": {}, \"items\": [], \"content\": \"Data Dependency:<ul><li data-empty=\\\"false\\\">Requires large, labeled datasets for training.</li><li data-empty=\\\"false\\\">Solution: Leveraging synthetic data and unsupervised learning.</li></ul>\"}, {\"meta\": {}, \"items\": [], \"content\": \"Generalization:<ul><li data-empty=\\\"false\\\">Models struggle with unseen environments.</li><li data-empty=\\\"false\\\">Solution: Domain adaptation and transfer learning.</li></ul>\"}, {\"meta\": {}, \"items\": [], \"content\": \"Computational Cost:<ul><li data-empty=\\\"false\\\">Training deep models requires significant resources.</li><li data-empty=\\\"false\\\">Solution: Optimizing architectures like MobileNet for edge devices.</li></ul>\"}], \"style\": \"ordered\"}, \"type\": \"list\"}, {\"id\": \"_-ju09sMe8\", \"data\": {\"text\": \"Future Trends\", \"level\": 3}, \"type\": \"header\"}, {\"id\": \"LAwsk42cJ3\", \"data\": {\"meta\": {\"counterType\": \"numeric\"}, \"items\": [{\"meta\": {}, \"items\": [], \"content\": \"3D Computer Vision:<ul><li data-empty=\\\"false\\\">Enables depth estimation and object reconstruction.</li><li data-empty=\\\"false\\\">Applications: AR/VR, robotics.</li></ul>\"}, {\"meta\": {}, \"items\": [], \"content\": \"Explainable AI (XAI):<ul><li data-empty=\\\"false\\\">Improves model transparency and trust.</li></ul>\"}, {\"meta\": {}, \"items\": [], \"content\": \"Edge Computing:<ul><li data-empty=\\\"false\\\">Moves processing to devices for real-time applications.</li></ul>\"}], \"style\": \"ordered\"}, \"type\": \"list\"}, {\"id\": \"_w6QqnqVbl\", \"data\": {\"text\": \"Conclusion\", \"level\": 3}, \"type\": \"header\"}, {\"id\": \"Ro_iAXmTKH\", \"data\": {\"text\": \"While challenges persist, innovations in data efficiency, model optimization, and edge computing will continue driving Computer Vision forward, enabling smarter systems in diverse applications.\"}, \"type\": \"paragraph\"}], \"version\": \"2.30.7\"}','2024-12-02 13:15:16.541515','Challenges and Future Trends in Computer Vision','2024-12-02 13:54:15.185944',8,3),(21,'{\"time\": 1733120476416, \"blocks\": [{\"id\": \"684PB-ZTO0\", \"data\": {\"text\": \"Introduction\", \"level\": 3}, \"type\": \"header\"}, {\"id\": \"VzL-23nbOz\", \"data\": {\"text\": \"Agile is a modern approach to software development that focuses on delivering value incrementally while adapting to changing requirements.\"}, \"type\": \"paragraph\"}, {\"id\": \"NN25cOWk_6\", \"data\": {\"text\": \"Key Principles of Agile\", \"level\": 3}, \"type\": \"header\"}, {\"id\": \"OQGH0aEL81\", \"data\": {\"meta\": {}, \"items\": [{\"meta\": {}, \"items\": [], \"content\": \"Customer Collaboration: Involve customers throughout the development process.\"}, {\"meta\": {}, \"items\": [], \"content\": \"Responding to Change: Adapt quickly to evolving requirements.\"}, {\"meta\": {}, \"items\": [], \"content\": \"Frequent Delivery: Deliver small, functional software increments regularly.\"}, {\"meta\": {}, \"items\": [], \"content\": \"Self-Organizing Teams: Empower teams to make decisions collaboratively.\"}], \"style\": \"ordered\"}, \"type\": \"list\"}, {\"id\": \"IzmHVdolaH\", \"data\": {\"text\": \"Popular Agile Frameworks\", \"level\": 3}, \"type\": \"header\"}, {\"id\": \"ikv8_oQPBv\", \"data\": {\"meta\": {}, \"items\": [{\"meta\": {}, \"items\": [], \"content\": \"Scrum: Emphasizes sprints, daily stand-ups, and retrospectives.\"}, {\"meta\": {}, \"items\": [], \"content\": \"Kanban: Focuses on visualizing workflows and managing task queues.\"}, {\"meta\": {}, \"items\": [], \"content\": \"Extreme Programming (XP): Promotes technical practices like pair programming and TDD.\"}], \"style\": \"unordered\"}, \"type\": \"list\"}, {\"id\": \"mhbgIdg5D5\", \"data\": {\"text\": \"Benefits of Agile\", \"level\": 3}, \"type\": \"header\"}, {\"id\": \"SmbfIT-QIE\", \"data\": {\"meta\": {}, \"items\": [{\"meta\": {}, \"items\": [], \"content\": \"Faster time-to-market.\"}, {\"meta\": {}, \"items\": [], \"content\": \"Higher customer satisfaction.\"}, {\"meta\": {}, \"items\": [], \"content\": \"Improved team collaboration and morale.\"}], \"style\": \"unordered\"}, \"type\": \"list\"}, {\"id\": \"anI0s33s16\", \"data\": {\"text\": \"Conclusion\", \"level\": 3}, \"type\": \"header\"}, {\"id\": \"VseD_Aig_S\", \"data\": {\"text\": \"Agile has transformed software engineering by emphasizing flexibility, collaboration, and customer-centricity. It’s an essential approach for modern development teams.\"}, \"type\": \"paragraph\"}], \"version\": \"2.30.7\"}','2024-12-02 13:21:16.483702','Introduction to Agile: Principles and Practices','2024-12-02 13:21:16.483729',9,4),(22,'{\"time\": 1733120503776, \"blocks\": [{\"id\": \"i1gb5Dpm7I\", \"data\": {\"text\": \"Introduction\", \"level\": 3}, \"type\": \"header\"}, {\"id\": \"kipk1BcvYk\", \"data\": {\"text\": \"Scrum is a widely-used Agile framework that organizes work into time-boxed iterations called sprints. It emphasizes team roles, ceremonies, and artifacts for effective project management.\"}, \"type\": \"paragraph\"}, {\"id\": \"4YFFvuiRvT\", \"data\": {\"text\": \"Key Roles in Scrum\", \"level\": 3}, \"type\": \"header\"}, {\"id\": \"0jrqRnvcFu\", \"data\": {\"meta\": {}, \"items\": [{\"meta\": {}, \"items\": [], \"content\": \"Product Owner: Manages the product backlog and defines priorities.\"}, {\"meta\": {}, \"items\": [], \"content\": \"Scrum Master: Facilitates the process and removes impediments.\"}, {\"meta\": {}, \"items\": [], \"content\": \"Development Team: Delivers the product increment during the sprint.\"}], \"style\": \"ordered\"}, \"type\": \"list\"}, {\"id\": \"Bf5_o1iQM8\", \"data\": {\"text\": \"Key Ceremonies in Scrum\", \"level\": 3}, \"type\": \"header\"}, {\"id\": \"xJrVubKu0t\", \"data\": {\"meta\": {}, \"items\": [{\"meta\": {}, \"items\": [], \"content\": \"Sprint Planning: Define sprint goals and backlog items.\"}, {\"meta\": {}, \"items\": [], \"content\": \"Daily Stand-Up: Quick status updates to align the team.\"}, {\"meta\": {}, \"items\": [], \"content\": \"Sprint Review: Showcase the completed work to stakeholders.\"}, {\"meta\": {}, \"items\": [], \"content\": \"Retrospective: Reflect on the sprint and identify areas for improvement.\"}], \"style\": \"unordered\"}, \"type\": \"list\"}, {\"id\": \"wDVNLIeW7A\", \"data\": {\"text\": \"Benefits of Scrum\", \"level\": 3}, \"type\": \"header\"}, {\"id\": \"RaT8b2ucsf\", \"data\": {\"meta\": {}, \"items\": [{\"meta\": {}, \"items\": [], \"content\": \"Clear accountability and roles.\"}, {\"meta\": {}, \"items\": [], \"content\": \"Regular feedback loops.\"}, {\"meta\": {}, \"items\": [], \"content\": \"Continuous improvement through retrospectives.\"}], \"style\": \"unordered\"}, \"type\": \"list\"}, {\"id\": \"CdbDWpH1pg\", \"data\": {\"text\": \"Conclusion\", \"level\": 3}, \"type\": \"header\"}, {\"id\": \"_knirzptzO\", \"data\": {\"text\": \"Scrum helps teams stay focused, aligned, and productive. Understanding its roles and ceremonies is crucial for implementing Agile effectively.\"}, \"type\": \"paragraph\"}], \"version\": \"2.30.7\"}','2024-12-02 13:21:43.813361','Scrum Framework: Key Roles and Ceremonies','2024-12-02 13:21:43.813394',9,4),(23,'{\"time\": 1733120531531, \"blocks\": [{\"id\": \"YYLgqzV-4r\", \"data\": {\"text\": \"Introduction\", \"level\": 3}, \"type\": \"header\"}, {\"id\": \"Y9GqTvYhus\", \"data\": {\"text\": \"Kanban is an Agile methodology that emphasizes visualizing workflows and optimizing task flow to improve efficiency.\"}, \"type\": \"paragraph\"}, {\"id\": \"V0oTttwtIu\", \"data\": {\"text\": \"Key Concepts in Kanban\", \"level\": 3}, \"type\": \"header\"}, {\"id\": \"4wgJlKuJIs\", \"data\": {\"meta\": {}, \"items\": [{\"meta\": {}, \"items\": [], \"content\": \"Visual Workflow: Use boards with columns to represent task stages.\"}, {\"meta\": {}, \"items\": [], \"content\": \"Work in Progress (WIP) Limits: Restrict ongoing tasks to prevent overload.\"}, {\"meta\": {}, \"items\": [], \"content\": \"Continuous Delivery: Deliver features as soon as they are ready.\"}], \"style\": \"ordered\"}, \"type\": \"list\"}, {\"id\": \"sYG6VBb4ZA\", \"data\": {\"text\": \"Setting Up a Kanban Board\", \"level\": 3}, \"type\": \"header\"}, {\"id\": \"-tVw3zfoGH\", \"data\": {\"meta\": {}, \"items\": [{\"meta\": {}, \"items\": [], \"content\": \"Create columns (e.g., To Do, In Progress, Done).\"}, {\"meta\": {}, \"items\": [], \"content\": \"Add tasks as cards and move them across the board.\"}, {\"meta\": {}, \"items\": [], \"content\": \"Monitor the flow and identify bottlenecks.\"}], \"style\": \"ordered\"}, \"type\": \"list\"}, {\"id\": \"N7Pyt-A404\", \"data\": {\"text\": \"Benefits of Kanban\", \"level\": 3}, \"type\": \"header\"}, {\"id\": \"oL5CNE8g6i\", \"data\": {\"meta\": {}, \"items\": [{\"meta\": {}, \"items\": [], \"content\": \"Improves team visibility and communication.\"}, {\"meta\": {}, \"items\": [], \"content\": \"Reduces task switching and delays.\"}, {\"meta\": {}, \"items\": [], \"content\": \"Encourages incremental delivery.\"}], \"style\": \"unordered\"}, \"type\": \"list\"}, {\"id\": \"1ivSRWr2rK\", \"data\": {\"text\": \"Conclusion\", \"level\": 3}, \"type\": \"header\"}, {\"id\": \"YJMHUIR6RQ\", \"data\": {\"text\": \"Kanban is a simple yet powerful tool for managing workflows. Its visual approach makes it accessible and effective for teams of all sizes.\"}, \"type\": \"paragraph\"}], \"version\": \"2.30.7\"}','2024-12-02 13:22:11.561983','Kanban: Visualizing Workflows and Reducing Bottlenecks','2024-12-02 13:22:11.562015',9,4),(24,'{\"time\": 1733120558319, \"blocks\": [{\"id\": \"Fv9inyQQPH\", \"data\": {\"text\": \"Introduction\", \"level\": 3}, \"type\": \"header\"}, {\"id\": \"D5AWmvLxbN\", \"data\": {\"text\": \"Scrum and Kanban are two popular Agile frameworks, each with unique strengths. This blog compares their approaches to help you choose the right fit for your team.\"}, \"type\": \"paragraph\"}, {\"id\": \"WWbHIzBzLe\", \"data\": {\"text\": \"Key Differences\", \"level\": 3}, \"type\": \"header\"}, {\"id\": \"SIUF6Ql1jT\", \"data\": {\"text\": \"FeatureScrumKanbanStructureTime-boxed sprintsContinuous flowRolesDefined roles (PO, SM)Flexible, no rolesFocusSprint goalsTask flow optimization\"}, \"type\": \"paragraph\"}, {\"id\": \"HdviTQrOJF\", \"data\": {\"text\": \"Use Cases\", \"level\": 3}, \"type\": \"header\"}, {\"id\": \"V-FQLxkqOJ\", \"data\": {\"meta\": {}, \"items\": [{\"meta\": {}, \"items\": [], \"content\": \"Scrum: Projects requiring regular delivery and feedback.\"}, {\"meta\": {}, \"items\": [], \"content\": \"Kanban: Teams focused on optimizing workflows or operational tasks.\"}], \"style\": \"unordered\"}, \"type\": \"list\"}, {\"id\": \"1sPP1tqA-C\", \"data\": {\"text\": \"Conclusion\", \"level\": 3}, \"type\": \"header\"}, {\"id\": \"6oBuD8J0Kn\", \"data\": {\"text\": \"Both frameworks promote Agile principles but suit different needs. Choose based on your team\'s structure and goals.\"}, \"type\": \"paragraph\"}], \"version\": \"2.30.7\"}','2024-12-02 13:22:38.360482','Comparing Agile Frameworks: Scrum vs. Kanban','2024-12-02 13:22:38.360540',9,4),(25,'{\"time\": 1733120589950, \"blocks\": [{\"id\": \"Xr4Pj3LloG\", \"data\": {\"text\": \"Introduction\", \"level\": 3}, \"type\": \"header\"}, {\"id\": \"C7Pn6BAq48\", \"data\": {\"text\": \"Measuring progress in Agile requires metrics that reflect team performance, quality, and delivery speed.\"}, \"type\": \"paragraph\"}, {\"id\": \"jompSMqlYF\", \"data\": {\"text\": \"Key Metrics in Agile\", \"level\": 3}, \"type\": \"header\"}, {\"id\": \"JYXCYJW60E\", \"data\": {\"meta\": {}, \"items\": [{\"meta\": {}, \"items\": [], \"content\": \"Velocity: Tracks the number of story points completed in a sprint.\"}, {\"meta\": {}, \"items\": [], \"content\": \"Cycle Time: Measures the time taken to complete a task.\"}, {\"meta\": {}, \"items\": [], \"content\": \"Lead Time: Tracks the time from task creation to delivery.\"}, {\"meta\": {}, \"items\": [], \"content\": \"Sprint Burndown: Visualizes remaining work against sprint time.\"}], \"style\": \"ordered\"}, \"type\": \"list\"}, {\"id\": \"UCs6cj2InV\", \"data\": {\"text\": \"Benefits of Agile Metrics\", \"level\": 3}, \"type\": \"header\"}, {\"id\": \"NTdwGh02Cd\", \"data\": {\"meta\": {}, \"items\": [{\"meta\": {}, \"items\": [], \"content\": \"Monitor team efficiency and predict future capacity.\"}, {\"meta\": {}, \"items\": [], \"content\": \"Identify bottlenecks in workflows.\"}, {\"meta\": {}, \"items\": [], \"content\": \"Ensure alignment with customer needs.\"}], \"style\": \"unordered\"}, \"type\": \"list\"}, {\"id\": \"MdNI07TNJM\", \"data\": {\"text\": \"Conclusion\", \"level\": 3}, \"type\": \"header\"}, {\"id\": \"BWJid-Jq5l\", \"data\": {\"text\": \"Agile metrics provide valuable insights into team performance and project progress. Using these effectively ensures better project outcomes.\"}, \"type\": \"paragraph\"}], \"version\": \"2.30.7\"}','2024-12-02 13:23:09.984240','Agile Metrics: Measuring Success in Agile Projects','2024-12-02 13:23:09.984273',9,4),(26,'{\"time\": 1733120674024, \"blocks\": [{\"id\": \"US2IRoLg9f\", \"data\": {\"text\": \"Introduction\", \"level\": 3}, \"type\": \"header\"}, {\"id\": \"WXwa3QyxXb\", \"data\": {\"text\": \"DevOps integrates development and operations teams to improve collaboration, automate workflows, and deliver software faster and more reliably.\"}, \"type\": \"paragraph\"}, {\"id\": \"uXD5_D20eX\", \"data\": {\"text\": \"Key Principles of DevOps\", \"level\": 3}, \"type\": \"header\"}, {\"id\": \"T64tMgPase\", \"data\": {\"meta\": {}, \"items\": [{\"meta\": {}, \"items\": [], \"content\": \"Collaboration: Break down silos between teams.\"}, {\"meta\": {}, \"items\": [], \"content\": \"Automation: Streamline repetitive tasks like builds and deployments.\"}, {\"meta\": {}, \"items\": [], \"content\": \"Continuous Integration/Continuous Deployment (CI/CD): Deliver small, incremental changes frequently.\"}], \"style\": \"ordered\"}, \"type\": \"list\"}, {\"id\": \"UwdVzqThX7\", \"data\": {\"text\": \"Benefits of DevOps\", \"level\": 3}, \"type\": \"header\"}, {\"id\": \"KwgoO9rikj\", \"data\": {\"meta\": {}, \"items\": [{\"meta\": {}, \"items\": [], \"content\": \"Faster time-to-market.\"}, {\"meta\": {}, \"items\": [], \"content\": \"Improved system reliability and uptime.\"}, {\"meta\": {}, \"items\": [], \"content\": \"Enhanced team productivity and communication.\"}], \"style\": \"unordered\"}, \"type\": \"list\"}, {\"id\": \"EXMjDAjkOj\", \"data\": {\"text\": \"Conclusion\", \"level\": 3}, \"type\": \"header\"}, {\"id\": \"6EJcVIcCRu\", \"data\": {\"text\": \"DevOps is essential for modern software engineering, enabling teams to build, test, and deploy software seamlessly.\"}, \"type\": \"paragraph\"}], \"version\": \"2.30.7\"}','2024-12-02 13:24:34.065017','Introduction to DevOps: Bridging Development and Operations','2024-12-02 13:24:34.065049',10,4),(27,'{\"time\": 1733120703284, \"blocks\": [{\"id\": \"nI21rq3coU\", \"data\": {\"text\": \"Introduction\", \"level\": 3}, \"type\": \"header\"}, {\"id\": \"JGMNNdjFWT\", \"data\": {\"text\": \"A CI/CD pipeline automates code integration and deployment, reducing errors and accelerating software delivery.\"}, \"type\": \"paragraph\"}, {\"id\": \"T-c0BDB8FA\", \"data\": {\"text\": \"Key Stages in a CI/CD Pipeline\", \"level\": 3}, \"type\": \"header\"}, {\"id\": \"sneI58Rweg\", \"data\": {\"meta\": {}, \"items\": [{\"meta\": {}, \"items\": [], \"content\": \"Build: Compile code into executable artifacts.\"}, {\"meta\": {}, \"items\": [], \"content\": \"Test: Run unit, integration, and system tests.\"}, {\"meta\": {}, \"items\": [], \"content\": \"Release: Deploy code to production or staging environments.\"}], \"style\": \"ordered\"}, \"type\": \"list\"}, {\"id\": \"Vel_6cQ3PD\", \"data\": {\"text\": \"Popular Tools for CI/CD\", \"level\": 3}, \"type\": \"header\"}, {\"id\": \"QBYquEHAGz\", \"data\": {\"meta\": {}, \"items\": [{\"meta\": {}, \"items\": [], \"content\": \"Jenkins: Open-source automation server.\"}, {\"meta\": {}, \"items\": [], \"content\": \"GitHub Actions: CI/CD workflows integrated into GitHub.\"}, {\"meta\": {}, \"items\": [], \"content\": \"GitLab CI/CD: Comprehensive CI/CD solution.\"}], \"style\": \"unordered\"}, \"type\": \"list\"}, {\"id\": \"G02eZYTV2q\", \"data\": {\"text\": \"Conclusion\", \"level\": 3}, \"type\": \"header\"}, {\"id\": \"tavmkH1L8S\", \"data\": {\"text\": \"Setting up a CI/CD pipeline ensures efficient and error-free deployments, making it a cornerstone of DevOps practices.\"}, \"type\": \"paragraph\"}], \"version\": \"2.30.7\"}','2024-12-02 13:25:03.428913','Setting Up a CI/CD Pipeline: Tools and Techniques','2024-12-02 13:25:03.428968',10,4),(28,'{\"time\": 1733121124183, \"blocks\": [{\"id\": \"FEJUbiDVi7\", \"data\": {\"text\": \"Introduction\", \"level\": 3}, \"type\": \"header\"}, {\"id\": \"Ik86epJj95\", \"data\": {\"text\": \"Ethical hacking involves testing systems for vulnerabilities to strengthen their defenses. Ethical hackers, or white-hat hackers, use the same techniques as malicious hackers but with permission and for a good cause.\"}, \"type\": \"paragraph\"}, {\"id\": \"AY6JGoYkbO\", \"data\": {\"text\": \"Key Concepts in Ethical Hacking\", \"level\": 3}, \"type\": \"header\"}, {\"id\": \"GAjiG9-DUH\", \"data\": {\"meta\": {}, \"items\": [{\"meta\": {}, \"items\": [], \"content\": \"Penetration Testing: Simulating real-world attacks to assess system vulnerabilities.\"}, {\"meta\": {}, \"items\": [], \"content\": \"Vulnerability Scanning: Automated tools to identify weak points in networks and software.\"}, {\"meta\": {}, \"items\": [], \"content\": \"Social Engineering: Exploiting human behavior to gain unauthorized access.\"}], \"style\": \"ordered\"}, \"type\": \"list\"}, {\"id\": \"ORJdn7thr_\", \"data\": {\"text\": \"Popular Tools for Ethical Hacking\", \"level\": 3}, \"type\": \"header\"}, {\"id\": \"A_vp8L_xER\", \"data\": {\"meta\": {}, \"items\": [{\"meta\": {}, \"items\": [], \"content\": \"Nmap: Network mapping and scanning.\"}, {\"meta\": {}, \"items\": [], \"content\": \"Metasploit: Exploit development and testing.\"}, {\"meta\": {}, \"items\": [], \"content\": \"Wireshark: Network traffic analysis.\"}], \"style\": \"unordered\"}, \"type\": \"list\"}, {\"id\": \"_uxbJcv7Y7\", \"data\": {\"text\": \"Conclusion\", \"level\": 3}, \"type\": \"header\"}, {\"id\": \"Cf0-5iPjJ7\", \"data\": {\"text\": \"Ethical hacking is a proactive approach to cybersecurity, helping organizations stay ahead of malicious attackers by identifying and fixing vulnerabilities.\"}, \"type\": \"paragraph\"}], \"version\": \"2.30.7\"}','2024-12-02 13:32:04.226574','Introduction to Ethical Hacking: Protecting Systems from Attacks','2024-12-02 13:32:04.226609',14,4),(29,'{\"time\": 1733121144183, \"blocks\": [{\"id\": \"kP1oNDNtd7\", \"data\": {\"text\": \"Introduction\", \"level\": 3}, \"type\": \"header\"}, {\"id\": \"vrWJsZO3Vz\", \"data\": {\"text\": \"Hackers can be categorized based on their intentions and methods. Understanding these types helps clarify the role of ethical hackers in cybersecurity.\"}, \"type\": \"paragraph\"}, {\"id\": \"fvcpj1V3uh\", \"data\": {\"text\": \"Types of Hackers\", \"level\": 3}, \"type\": \"header\"}, {\"id\": \"cdBQKVGX2w\", \"data\": {\"meta\": {}, \"items\": [{\"meta\": {}, \"items\": [], \"content\": \"White Hat Hackers:<ul><li data-empty=\\\"false\\\">Work with permission to improve security.</li><li data-empty=\\\"false\\\">Common roles: Penetration testers, security consultants.</li></ul>\"}, {\"meta\": {}, \"items\": [], \"content\": \"Black Hat Hackers:<ul><li data-empty=\\\"false\\\">Exploit vulnerabilities for personal or financial gain.</li><li data-empty=\\\"false\\\">Activities: Data theft, ransomware attacks.</li></ul>\"}, {\"meta\": {}, \"items\": [], \"content\": \"Grey Hat Hackers:<ul><li data-empty=\\\"false\\\">Operate between legal and illegal boundaries.</li><li data-empty=\\\"false\\\">Often reveal vulnerabilities without proper authorization.</li></ul>\"}], \"style\": \"ordered\"}, \"type\": \"list\"}, {\"id\": \"oDYjolOpa2\", \"data\": {\"text\": \"Why Ethical Hacking is Important\", \"level\": 3}, \"type\": \"header\"}, {\"id\": \"96K42MkLbC\", \"data\": {\"meta\": {}, \"items\": [{\"meta\": {}, \"items\": [], \"content\": \"Protects sensitive data from unauthorized access.\"}, {\"meta\": {}, \"items\": [], \"content\": \"Reduces the risk of financial and reputational damage.\"}], \"style\": \"unordered\"}, \"type\": \"list\"}, {\"id\": \"O0WdDysQNp\", \"data\": {\"text\": \"Conclusion\", \"level\": 3}, \"type\": \"header\"}, {\"id\": \"pkO-x-RIVi\", \"data\": {\"text\": \"White hat hackers play a crucial role in defending against cyber threats, ensuring systems remain secure and resilient.\"}, \"type\": \"paragraph\"}], \"version\": \"2.30.7\"}','2024-12-02 13:32:24.215207','Types of Hackers: White Hat, Black Hat, and Grey Hat','2024-12-02 13:32:24.215242',14,4),(30,'{\"time\": 1733121165213, \"blocks\": [{\"id\": \"Bohol6i0ZZ\", \"data\": {\"text\": \"Introduction\", \"level\": 3}, \"type\": \"header\"}, {\"id\": \"JMSFKVu9tb\", \"data\": {\"text\": \"Penetration testing, or pen testing, is the process of simulating cyberattacks to identify weaknesses in a system\'s defenses.\"}, \"type\": \"paragraph\"}, {\"id\": \"xQTrPoS48u\", \"data\": {\"text\": \"Stages of Penetration Testing\", \"level\": 3}, \"type\": \"header\"}, {\"id\": \"2vTc8QlcdM\", \"data\": {\"meta\": {}, \"items\": [{\"meta\": {}, \"items\": [], \"content\": \"Planning: Define objectives, scope, and permissions.\"}, {\"meta\": {}, \"items\": [], \"content\": \"Reconnaissance: Gather information about the target system (e.g., open ports, IP addresses).\"}, {\"meta\": {}, \"items\": [], \"content\": \"Exploitation: Attempt to exploit vulnerabilities.\"}, {\"meta\": {}, \"items\": [], \"content\": \"Reporting: Document findings and recommend mitigations.\"}], \"style\": \"ordered\"}, \"type\": \"list\"}, {\"id\": \"qtXRBFD8Te\", \"data\": {\"text\": \"Popular Penetration Testing Tools\", \"level\": 3}, \"type\": \"header\"}, {\"id\": \"Ceh4x5GRqC\", \"data\": {\"meta\": {}, \"items\": [{\"meta\": {}, \"items\": [], \"content\": \"Burp Suite: Web application testing.\"}, {\"meta\": {}, \"items\": [], \"content\": \"Nessus: Vulnerability scanning.\"}, {\"meta\": {}, \"items\": [], \"content\": \"Kali Linux: Toolkit for ethical hacking.\"}], \"style\": \"unordered\"}, \"type\": \"list\"}, {\"id\": \"105LpV9rBd\", \"data\": {\"text\": \"Conclusion\", \"level\": 3}, \"type\": \"header\"}, {\"id\": \"AQ1_DHClfn\", \"data\": {\"text\": \"Penetration testing is an essential practice for identifying and mitigating cybersecurity vulnerabilities before malicious actors can exploit them.\"}, \"type\": \"paragraph\"}], \"version\": \"2.30.7\"}','2024-12-02 13:32:45.243369','Penetration Testing: A Step-by-Step Guide','2024-12-02 13:32:45.243410',14,4),(31,'{\"time\": 1733121187283, \"blocks\": [{\"id\": \"oWSC3SOVNl\", \"data\": {\"text\": \"Introduction\", \"level\": 3}, \"type\": \"header\"}, {\"id\": \"ids09yA0l2\", \"data\": {\"text\": \"Social engineering targets the human element of security by manipulating individuals into revealing confidential information or granting unauthorized access.\"}, \"type\": \"paragraph\"}, {\"id\": \"5-Lep9b5lB\", \"data\": {\"text\": \"Common Social Engineering Techniques\", \"level\": 3}, \"type\": \"header\"}, {\"id\": \"KbgNIMPkhz\", \"data\": {\"meta\": {}, \"items\": [{\"meta\": {}, \"items\": [], \"content\": \"Phishing: Sending fake emails to trick recipients into sharing sensitive data.\"}, {\"meta\": {}, \"items\": [], \"content\": \"Pretexting: Impersonating authority figures to extract information.\"}, {\"meta\": {}, \"items\": [], \"content\": \"Baiting: Using physical media, like USB drives, loaded with malware.\"}], \"style\": \"ordered\"}, \"type\": \"list\"}, {\"id\": \"PrU98ovzop\", \"data\": {\"text\": \"Preventive Measures\", \"level\": 3}, \"type\": \"header\"}, {\"id\": \"dAEOCW8VIG\", \"data\": {\"meta\": {}, \"items\": [{\"meta\": {}, \"items\": [], \"content\": \"Educate employees about social engineering tactics.\"}, {\"meta\": {}, \"items\": [], \"content\": \"Implement strict access controls and verification procedures.\"}, {\"meta\": {}, \"items\": [], \"content\": \"Regularly test with simulated phishing campaigns.\"}], \"style\": \"unordered\"}, \"type\": \"list\"}, {\"id\": \"E6cZ9WDu-g\", \"data\": {\"text\": \"Conclusion\", \"level\": 3}, \"type\": \"header\"}, {\"id\": \"DKfjoFqmnD\", \"data\": {\"text\": \"Social engineering attacks exploit trust and human error. Awareness and training are the best defenses against these tactics.\"}, \"type\": \"paragraph\"}], \"version\": \"2.30.7\"}','2024-12-02 13:33:07.318001','Social Engineering: The Human Element of Cybersecurity','2024-12-02 13:33:07.318040',14,4),(32,'{\"time\": 1733121209672, \"blocks\": [{\"id\": \"vHUguGcUPl\", \"data\": {\"text\": \"Introduction\", \"level\": 3}, \"type\": \"header\"}, {\"id\": \"2600Hvp1fv\", \"data\": {\"text\": \"Bug bounty programs reward ethical hackers for finding vulnerabilities in systems. They provide an incentive for hackers to report issues responsibly.\"}, \"type\": \"paragraph\"}, {\"id\": \"ciuTcl2tTY\", \"data\": {\"text\": \"How Bug Bounty Programs Work\", \"level\": 3}, \"type\": \"header\"}, {\"id\": \"VzJ1ubfG0v\", \"data\": {\"meta\": {}, \"items\": [{\"meta\": {}, \"items\": [], \"content\": \"Organizations define the scope of their program.\"}, {\"meta\": {}, \"items\": [], \"content\": \"Hackers search for vulnerabilities within the defined scope.\"}, {\"meta\": {}, \"items\": [], \"content\": \"Verified vulnerabilities are rewarded based on severity.\"}], \"style\": \"ordered\"}, \"type\": \"list\"}, {\"id\": \"SJ74dWSuvk\", \"data\": {\"text\": \"Benefits of Bug Bounty Programs\", \"level\": 3}, \"type\": \"header\"}, {\"id\": \"aJ54vnM6lP\", \"data\": {\"meta\": {}, \"items\": [{\"meta\": {}, \"items\": [], \"content\": \"Leverage a global pool of skilled hackers.\"}, {\"meta\": {}, \"items\": [], \"content\": \"Cost-effective compared to hiring full-time security teams.\"}, {\"meta\": {}, \"items\": [], \"content\": \"Improve system security through regular testing.\"}], \"style\": \"unordered\"}, \"type\": \"list\"}, {\"id\": \"VOUECLpqQC\", \"data\": {\"text\": \"Popular Platforms\", \"level\": 3}, \"type\": \"header\"}, {\"id\": \"_CWJIvmccd\", \"data\": {\"meta\": {}, \"items\": [{\"meta\": {}, \"items\": [], \"content\": \"HackerOne: Connects hackers with organizations.\"}, {\"meta\": {}, \"items\": [], \"content\": \"Bugcrowd: Offers managed bug bounty programs.\"}], \"style\": \"unordered\"}, \"type\": \"list\"}, {\"id\": \"ldHwDnufYH\", \"data\": {\"text\": \"Conclusion\", \"level\": 3}, \"type\": \"header\"}, {\"id\": \"6VsBUyL7AU\", \"data\": {\"text\": \"Bug bounty programs foster collaboration between organizations and ethical hackers, creating a safer digital ecosystem.\"}, \"type\": \"paragraph\"}], \"version\": \"2.30.7\"}','2024-12-02 13:33:29.726401','The Role of Bug Bounty Programs in Cybersecurity','2024-12-02 13:33:29.726462',14,4),(33,'{\"time\": 1733121235893, \"blocks\": [{\"id\": \"OUwWwUmUk7\", \"data\": {\"text\": \"Introduction\", \"level\": 3}, \"type\": \"header\"}, {\"id\": \"KPTP92AmlM\", \"data\": {\"text\": \"Cryptography is the science of securing information through mathematical techniques, ensuring confidentiality, integrity, and authenticity in communication.\"}, \"type\": \"paragraph\"}, {\"id\": \"dUhrsWnArm\", \"data\": {\"text\": \"Key Concepts in Cryptography\", \"level\": 3}, \"type\": \"header\"}, {\"id\": \"Mspf9A9LAm\", \"data\": {\"meta\": {}, \"items\": [{\"meta\": {}, \"items\": [], \"content\": \"Encryption: Converts plaintext into unreadable ciphertext.\"}, {\"meta\": {}, \"items\": [], \"content\": \"Decryption: Converts ciphertext back into plaintext.\"}, {\"meta\": {}, \"items\": [], \"content\": \"Keys: Used in encryption and decryption processes.\"}], \"style\": \"ordered\"}, \"type\": \"list\"}, {\"id\": \"FBtoYFuaW2\", \"data\": {\"text\": \"Types of Cryptography\", \"level\": 3}, \"type\": \"header\"}, {\"id\": \"KS7Bj4LzAr\", \"data\": {\"meta\": {}, \"items\": [{\"meta\": {}, \"items\": [], \"content\": \"Symmetric Key Cryptography: Uses the same key for encryption and decryption.\"}, {\"meta\": {}, \"items\": [], \"content\": \"Asymmetric Key Cryptography: Uses a public-private key pair for secure communication.\"}], \"style\": \"unordered\"}, \"type\": \"list\"}, {\"id\": \"nrsrXTx7YL\", \"data\": {\"text\": \"Applications of Cryptography\", \"level\": 3}, \"type\": \"header\"}, {\"id\": \"hMQMH-jwQ1\", \"data\": {\"meta\": {}, \"items\": [{\"meta\": {}, \"items\": [], \"content\": \"Securing online transactions.\"}, {\"meta\": {}, \"items\": [], \"content\": \"Protecting sensitive communications.\"}, {\"meta\": {}, \"items\": [], \"content\": \"Digital signatures for document authentication.\"}], \"style\": \"unordered\"}, \"type\": \"list\"}, {\"id\": \"Sqvzwi4GnO\", \"data\": {\"text\": \"Conclusion\", \"level\": 3}, \"type\": \"header\"}, {\"id\": \"Xepw6eHMfw\", \"data\": {\"text\": \"Cryptography is a cornerstone of cybersecurity, enabling secure communication and data protection in the digital world.\"}, \"type\": \"paragraph\"}], \"version\": \"2.30.7\"}','2024-12-02 13:33:55.933571','Introduction to Cryptography: Securing Data in the Digital Age','2024-12-02 13:33:55.933606',15,4),(34,'{\"time\": 1733121259190, \"blocks\": [{\"id\": \"ITEvfUYZn-\", \"data\": {\"text\": \"Introduction\", \"level\": 3}, \"type\": \"header\"}, {\"id\": \"BQ6mc5jDRd\", \"data\": {\"text\": \"Encryption is essential for securing data, but the choice between symmetric and asymmetric encryption depends on the use case.\"}, \"type\": \"paragraph\"}, {\"id\": \"zrFGCqnAGU\", \"data\": {\"text\": \"Symmetric Encryption\", \"level\": 3}, \"type\": \"header\"}, {\"id\": \"K7VLbKYEtL\", \"data\": {\"meta\": {}, \"items\": [{\"meta\": {}, \"items\": [], \"content\": \"How it Works: Same key is used for both encryption and decryption.\"}, {\"meta\": {}, \"items\": [], \"content\": \"Examples: AES, DES.\"}, {\"meta\": {}, \"items\": [], \"content\": \"Strengths: Fast and efficient.\"}, {\"meta\": {}, \"items\": [], \"content\": \"Weakness: Key management can be challenging.\"}], \"style\": \"unordered\"}, \"type\": \"list\"}, {\"id\": \"SKHESRm5ow\", \"data\": {\"text\": \"Asymmetric Encryption\", \"level\": 3}, \"type\": \"header\"}, {\"id\": \"V77FvcX1d7\", \"data\": {\"meta\": {}, \"items\": [{\"meta\": {}, \"items\": [], \"content\": \"How it Works: Public key encrypts, private key decrypts.\"}, {\"meta\": {}, \"items\": [], \"content\": \"Examples: RSA, ECC.\"}, {\"meta\": {}, \"items\": [], \"content\": \"Strengths: Secure key sharing.\"}, {\"meta\": {}, \"items\": [], \"content\": \"Weakness: Slower than symmetric encryption.\"}], \"style\": \"unordered\"}, \"type\": \"list\"}, {\"id\": \"_c0vDI_FId\", \"data\": {\"text\": \"Conclusion\", \"level\": 3}, \"type\": \"header\"}, {\"id\": \"oLp8hEzRZG\", \"data\": {\"text\": \"Symmetric encryption is ideal for large-scale data encryption, while asymmetric encryption excels in secure communication and key exchange.\"}, \"type\": \"paragraph\"}], \"version\": \"2.30.7\"}','2024-12-02 13:34:19.233675','Symmetric vs. Asymmetric Encryption: Understanding the Differences','2024-12-02 13:34:19.233724',15,4),(35,'{\"time\": 1733122525817, \"blocks\": [{\"id\": \"Yds8MZKoXJ\", \"data\": {\"text\": \"Introduction\", \"level\": 3}, \"type\": \"header\"}, {\"id\": \"rj6wIM1P62\", \"data\": {\"text\": \"Network protocols define the rules for data exchange between devices, ensuring that communication is consistent, reliable, and secure. They govern everything from sending an email to loading a webpage.\"}, \"type\": \"paragraph\"}, {\"id\": \"4pxJs52qqP\", \"data\": {\"text\": \"Key Functions of Network Protocols\", \"level\": 3}, \"type\": \"header\"}, {\"id\": \"Rn12O6mxEG\", \"data\": {\"meta\": {}, \"items\": [{\"meta\": {}, \"items\": [], \"content\": \"Data Formatting: Ensures data is structured in a way that both sender and receiver understand.\"}, {\"meta\": {}, \"items\": [], \"content\": \"Error Detection and Correction: Identifies and rectifies errors during transmission.\"}, {\"meta\": {}, \"items\": [], \"content\": \"Addressing and Routing: Directs data packets to their intended destination using IP addresses.\"}, {\"meta\": {}, \"items\": [], \"content\": \"Flow Control: Manages the rate of data transfer to prevent network congestion.\"}], \"style\": \"ordered\"}, \"type\": \"list\"}, {\"id\": \"pU_o1YgdJB\", \"data\": {\"text\": \"Common Network Protocols\", \"level\": 3}, \"type\": \"header\"}, {\"id\": \"9aib48eW8l\", \"data\": {\"meta\": {}, \"items\": [{\"meta\": {}, \"items\": [], \"content\": \"HTTP/HTTPS: Governs web communication and ensures secure data transfer with encryption.\"}, {\"meta\": {}, \"items\": [], \"content\": \"TCP/IP: Provides reliable data transmission over the internet.\"}, {\"meta\": {}, \"items\": [], \"content\": \"DNS: Translates human-readable domain names into machine-readable IP addresses.\"}], \"style\": \"unordered\"}, \"type\": \"list\"}, {\"id\": \"HfHton9F45\", \"data\": {\"text\": \"Conclusion\", \"level\": 3}, \"type\": \"header\"}, {\"id\": \"iQck2xEKWO\", \"data\": {\"text\": \"Network protocols are the unsung heroes of digital communication, enabling seamless connectivity across diverse systems and devices.\"}, \"type\": \"paragraph\"}], \"version\": \"2.30.7\"}','2024-12-02 13:55:25.845911','What Are Network Protocols and Why Are They Important?','2024-12-02 13:55:25.845960',19,5),(36,'{\"time\": 1733122545198, \"blocks\": [{\"id\": \"kh_I3_n47B\", \"data\": {\"text\": \"Introduction\", \"level\": 3}, \"type\": \"header\"}, {\"id\": \"QPCsZwiRo0\", \"data\": {\"text\": \"The OSI (Open Systems Interconnection) Model provides a structured framework for understanding how data travels across a network. It divides communication into seven layers, each with specific responsibilities.\"}, \"type\": \"paragraph\"}, {\"id\": \"24Fc5YHZPw\", \"data\": {\"text\": \"The Seven Layers of the OSI Model\", \"level\": 3}, \"type\": \"header\"}, {\"id\": \"6zFrBmy66U\", \"data\": {\"meta\": {}, \"items\": [{\"meta\": {}, \"items\": [], \"content\": \"Physical Layer: Manages the physical transmission of data through cables or wireless signals.\"}, {\"meta\": {}, \"items\": [], \"content\": \"Data Link Layer: Handles error detection, correction, and framing.\"}, {\"meta\": {}, \"items\": [], \"content\": \"Network Layer: Manages routing and addressing of data packets.\"}, {\"meta\": {}, \"items\": [], \"content\": \"Transport Layer: Ensures reliable data delivery with protocols like TCP and UDP.\"}, {\"meta\": {}, \"items\": [], \"content\": \"Session Layer: Establishes, manages, and terminates communication sessions.\"}, {\"meta\": {}, \"items\": [], \"content\": \"Presentation Layer: Converts data formats for compatibility.\"}, {\"meta\": {}, \"items\": [], \"content\": \"Application Layer: Interfaces directly with the end-user applications (e.g., browsers, email clients).\"}], \"style\": \"ordered\"}, \"type\": \"list\"}, {\"id\": \"JBP6xotdoA\", \"data\": {\"text\": \"Benefits of the OSI Model\", \"level\": 3}, \"type\": \"header\"}, {\"id\": \"TMUKvAWQwN\", \"data\": {\"meta\": {}, \"items\": [{\"meta\": {}, \"items\": [], \"content\": \"Provides a universal standard for network communication.\"}, {\"meta\": {}, \"items\": [], \"content\": \"Simplifies troubleshooting by isolating issues to specific layers.\"}, {\"meta\": {}, \"items\": [], \"content\": \"Facilitates the development of interoperable network technologies.\"}], \"style\": \"unordered\"}, \"type\": \"list\"}, {\"id\": \"Rhva_nuLj_\", \"data\": {\"text\": \"Conclusion\", \"level\": 3}, \"type\": \"header\"}, {\"id\": \"l5mLdOtZSh\", \"data\": {\"text\": \"The OSI Model is essential for understanding how networks function and serves as a blueprint for designing robust communication systems.\"}, \"type\": \"paragraph\"}], \"version\": \"2.30.7\"}','2024-12-02 13:55:45.229503','Understanding the OSI Model: Layers of Network Communication','2024-12-02 13:55:45.229540',19,5),(37,'{\"time\": 1733122567704, \"blocks\": [{\"id\": \"3b7kg3PsJh\", \"data\": {\"text\": \"Introduction\", \"level\": 3}, \"type\": \"header\"}, {\"id\": \"dVOUdCkVnb\", \"data\": {\"text\": \"TCP (Transmission Control Protocol) and UDP (User Datagram Protocol) are the primary transport layer protocols in network communication. Each serves distinct purposes depending on the application\'s requirements.\"}, \"type\": \"paragraph\"}, {\"id\": \"BL_7xJLiND\", \"data\": {\"text\": \"How TCP Works\", \"level\": 3}, \"type\": \"header\"}, {\"id\": \"lqWDfgkCXm\", \"data\": {\"meta\": {}, \"items\": [{\"meta\": {}, \"items\": [], \"content\": \"Reliable Delivery: Ensures data packets are delivered in order and without errors.\"}, {\"meta\": {}, \"items\": [], \"content\": \"Connection-Oriented: Establishes a connection before data transfer begins.\"}, {\"meta\": {}, \"items\": [], \"content\": \"Common Uses: Web browsing, file downloads, email.\"}], \"style\": \"unordered\"}, \"type\": \"list\"}, {\"id\": \"61SLSTVrsz\", \"data\": {\"text\": \"How UDP Works\", \"level\": 3}, \"type\": \"header\"}, {\"id\": \"XBFIeRiRZK\", \"data\": {\"meta\": {}, \"items\": [{\"meta\": {}, \"items\": [], \"content\": \"Unreliable Delivery: Does not guarantee packet order or delivery.\"}, {\"meta\": {}, \"items\": [], \"content\": \"Connectionless: Data is sent without establishing a connection.\"}, {\"meta\": {}, \"items\": [], \"content\": \"Common Uses: Live streaming, online gaming, VoIP.\"}], \"style\": \"unordered\"}, \"type\": \"list\"}, {\"id\": \"QrR7KCMgaz\", \"data\": {\"text\": \"Comparison Table\", \"level\": 3}, \"type\": \"header\"}, {\"id\": \"KbE8qaK5-m\", \"data\": {\"text\": \"FeatureTCPUDPReliabilityHighLowSpeedSlowerFasterUse Case ExamplesWeb apps, emailVideo calls, gaming\"}, \"type\": \"paragraph\"}, {\"id\": \"Mtfo7LQ1fF\", \"data\": {\"text\": \"Conclusion\", \"level\": 3}, \"type\": \"header\"}, {\"id\": \"wbpqlBHvg2\", \"data\": {\"text\": \"TCP is ideal for applications requiring reliability, while UDP excels in scenarios where speed and low latency are crucial.\"}, \"type\": \"paragraph\"}], \"version\": \"2.30.7\"}','2024-12-02 13:56:07.741290','TCP vs. UDP: Choosing the Right Protocol','2024-12-02 13:56:07.741325',19,5),(38,'{\"time\": 1733122586240, \"blocks\": [{\"id\": \"VbKTRJ8LwP\", \"data\": {\"text\": \"Introduction\", \"level\": 3}, \"type\": \"header\"}, {\"id\": \"Bumpu2INdY\", \"data\": {\"text\": \"The Domain Name System (DNS) is the internet\'s address book, translating human-friendly domain names (e.g.,&nbsp;www.google.com) into machine-readable IP addresses.\"}, \"type\": \"paragraph\"}, {\"id\": \"I7QWLwABva\", \"data\": {\"text\": \"How DNS Works\", \"level\": 3}, \"type\": \"header\"}, {\"id\": \"7jNGMFaKaV\", \"data\": {\"meta\": {}, \"items\": [{\"meta\": {}, \"items\": [], \"content\": \"Query Initiation: A user types a URL into their browser.\"}, {\"meta\": {}, \"items\": [], \"content\": \"Recursive Resolver: The resolver contacts a DNS server to find the IP address.\"}, {\"meta\": {}, \"items\": [], \"content\": \"Authoritative Name Server: Provides the final IP address for the requested domain.\"}, {\"meta\": {}, \"items\": [], \"content\": \"Response: The resolver sends the IP address back to the browser.\"}], \"style\": \"ordered\"}, \"type\": \"list\"}, {\"id\": \"ogSbDY-qiz\", \"data\": {\"text\": \"Types of DNS Servers\", \"level\": 3}, \"type\": \"header\"}, {\"id\": \"gmLgpMdiVc\", \"data\": {\"meta\": {}, \"items\": [{\"meta\": {}, \"items\": [], \"content\": \"Root Servers: Direct queries to the appropriate top-level domain (TLD) servers.\"}, {\"meta\": {}, \"items\": [], \"content\": \"TLD Servers: Manage domains for specific extensions like .com, .org, or .net.\"}, {\"meta\": {}, \"items\": [], \"content\": \"Authoritative Servers: Store records for specific domains.\"}], \"style\": \"unordered\"}, \"type\": \"list\"}, {\"id\": \"9YrxBvIj4J\", \"data\": {\"text\": \"DNS Security Risks\", \"level\": 3}, \"type\": \"header\"}, {\"id\": \"wc6dc3jxax\", \"data\": {\"meta\": {}, \"items\": [{\"meta\": {}, \"items\": [], \"content\": \"DNS spoofing: Attackers redirect traffic to malicious sites.\"}, {\"meta\": {}, \"items\": [], \"content\": \"Cache poisoning: Altering cached DNS data to mislead users.\"}], \"style\": \"unordered\"}, \"type\": \"list\"}, {\"id\": \"tUoFi2o9IX\", \"data\": {\"text\": \"Conclusion\", \"level\": 3}, \"type\": \"header\"}, {\"id\": \"sspvQBjJ1c\", \"data\": {\"text\": \"DNS is critical for web browsing and connectivity. Understanding its workings helps improve both functionality and security.\"}, \"type\": \"paragraph\"}], \"version\": \"2.30.7\"}','2024-12-02 13:56:26.267648','How DNS Works: Translating Domain Names into IP Addresses','2024-12-02 13:56:26.267681',19,5),(39,'{\"time\": 1733122607570, \"blocks\": [{\"id\": \"Wv38vt1onw\", \"data\": {\"text\": \"Introduction\", \"level\": 3}, \"type\": \"header\"}, {\"id\": \"XvRIeb4mte\", \"data\": {\"text\": \"SSL (Secure Sockets Layer) and TLS (Transport Layer Security) are protocols designed to secure data during transmission by encrypting it. They are widely used in securing web communication.\"}, \"type\": \"paragraph\"}, {\"id\": \"BcOyGn-yJP\", \"data\": {\"text\": \"How SSL/TLS Work\", \"level\": 3}, \"type\": \"header\"}, {\"id\": \"rQ0EcxAXQM\", \"data\": {\"meta\": {}, \"items\": [{\"meta\": {}, \"items\": [], \"content\": \"Handshake: Establishes a secure session between client and server.\"}, {\"meta\": {}, \"items\": [], \"content\": \"Certificate Exchange: Validates the server’s identity through digital certificates.\"}, {\"meta\": {}, \"items\": [], \"content\": \"Encryption: Ensures data remains confidential during transmission.\"}], \"style\": \"ordered\"}, \"type\": \"list\"}, {\"id\": \"B_oUymosMv\", \"data\": {\"text\": \"Applications of SSL/TLS\", \"level\": 3}, \"type\": \"header\"}, {\"id\": \"i6nek0trWF\", \"data\": {\"meta\": {}, \"items\": [{\"meta\": {}, \"items\": [], \"content\": \"Web Browsing: Secures HTTP traffic, resulting in HTTPS.\"}, {\"meta\": {}, \"items\": [], \"content\": \"Email: Encrypts SMTP and IMAP protocols.\"}, {\"meta\": {}, \"items\": [], \"content\": \"VPNs: Protects data in virtual private networks.\"}], \"style\": \"unordered\"}, \"type\": \"list\"}, {\"id\": \"hDg4RojHKu\", \"data\": {\"text\": \"Benefits of Using SSL/TLS\", \"level\": 3}, \"type\": \"header\"}, {\"id\": \"wOyMJ3iRUb\", \"data\": {\"meta\": {}, \"items\": [{\"meta\": {}, \"items\": [], \"content\": \"Ensures data confidentiality and integrity.\"}, {\"meta\": {}, \"items\": [], \"content\": \"Protects against man-in-the-middle attacks.\"}, {\"meta\": {}, \"items\": [], \"content\": \"Builds trust with users through HTTPS certification.\"}], \"style\": \"unordered\"}, \"type\": \"list\"}, {\"id\": \"7g1axSTIIz\", \"data\": {\"text\": \"Conclusion\", \"level\": 3}, \"type\": \"header\"}, {\"id\": \"K9oMKisbrR\", \"data\": {\"text\": \"SSL/TLS protocols are fundamental for securing online communication. Adopting them is crucial for maintaining user trust and data privacy.\"}, \"type\": \"paragraph\"}], \"version\": \"2.30.7\"}','2024-12-02 13:56:47.602172','Secure Network Protocols: SSL/TLS and Their Role in Encryption','2024-12-02 13:56:47.602215',19,5),(40,'{\"time\": 1733122674267, \"blocks\": [{\"id\": \"3-6woOy5Nk\", \"data\": {\"text\": \"Introduction\", \"level\": 3}, \"type\": \"header\"}, {\"id\": \"Qkos8u8kdO\", \"data\": {\"text\": \"Cloud networking refers to using cloud-based infrastructure to manage and connect networks. It eliminates the need for traditional on-premises hardware, making networking more scalable and efficient.\"}, \"type\": \"paragraph\"}, {\"id\": \"5oTNN22zoD\", \"data\": {\"text\": \"Key Components of Cloud Networking\", \"level\": 3}, \"type\": \"header\"}, {\"id\": \"5WwS9n2Jjq\", \"data\": {\"meta\": {}, \"items\": [{\"meta\": {}, \"items\": [], \"content\": \"Virtual Networks: Software-defined networks (SDNs) that replace physical infrastructure.\"}, {\"meta\": {}, \"items\": [], \"content\": \"Cloud Gateways: Connect on-premises and cloud environments securely.\"}, {\"meta\": {}, \"items\": [], \"content\": \"Load Balancers: Distribute traffic across servers to ensure availability.\"}], \"style\": \"ordered\"}, \"type\": \"list\"}, {\"id\": \"nubCjggRgs\", \"data\": {\"text\": \"Benefits of Cloud Networking\", \"level\": 3}, \"type\": \"header\"}, {\"id\": \"rzh-G7iSXm\", \"data\": {\"meta\": {}, \"items\": [{\"meta\": {}, \"items\": [], \"content\": \"Scalability: Easily expand or reduce resources.\"}, {\"meta\": {}, \"items\": [], \"content\": \"Cost Efficiency: Pay only for the resources you use.\"}, {\"meta\": {}, \"items\": [], \"content\": \"Global Reach: Seamless connectivity across geographies.\"}], \"style\": \"unordered\"}, \"type\": \"list\"}, {\"id\": \"U4kNrwwijO\", \"data\": {\"text\": \"Conclusion\", \"level\": 3}, \"type\": \"header\"}, {\"id\": \"2ZQ-4ntJDI\", \"data\": {\"text\": \"Cloud networking simplifies infrastructure management while enabling faster, more reliable communication across systems.\"}, \"type\": \"paragraph\"}], \"version\": \"2.30.7\"}','2024-12-02 13:57:54.294409','The Basics of Cloud Networking: How It Works','2024-12-02 13:57:54.294440',20,5),(41,'{\"time\": 1733122692406, \"blocks\": [{\"id\": \"NDcoN4cA75\", \"data\": {\"text\": \"Introduction\", \"level\": 3}, \"type\": \"header\"}, {\"id\": \"5GVVG5X1ue\", \"data\": {\"text\": \"A Virtual Private Network (VPN) in the cloud ensures secure communication by encrypting data transmitted over public or private networks.\"}, \"type\": \"paragraph\"}, {\"id\": \"_mwc7YG7OX\", \"data\": {\"text\": \"How VPNs Work\", \"level\": 3}, \"type\": \"header\"}, {\"id\": \"0fdJZ2pZnE\", \"data\": {\"meta\": {}, \"items\": [{\"meta\": {}, \"items\": [], \"content\": \"Tunneling: Encapsulates data packets in encrypted \\\"tunnels.\\\"\"}, {\"meta\": {}, \"items\": [], \"content\": \"Authentication: Ensures only authorized users access the network.\"}, {\"meta\": {}, \"items\": [], \"content\": \"Encryption: Protects data from interception.\"}], \"style\": \"ordered\"}, \"type\": \"list\"}, {\"id\": \"e_5YgMpMX4\", \"data\": {\"text\": \"Types of Cloud VPNs\", \"level\": 3}, \"type\": \"header\"}, {\"id\": \"p_iIfWgJbb\", \"data\": {\"meta\": {}, \"items\": [{\"meta\": {}, \"items\": [], \"content\": \"Site-to-Site VPN: Connects entire networks.\"}, {\"meta\": {}, \"items\": [], \"content\": \"Remote Access VPN: Provides secure access for individual users.\"}], \"style\": \"unordered\"}, \"type\": \"list\"}, {\"id\": \"gUn7cjNVUf\", \"data\": {\"text\": \"Conclusion\", \"level\": 3}, \"type\": \"header\"}, {\"id\": \"SWrw6CwUcf\", \"data\": {\"text\": \"Cloud VPNs are essential for protecting data and ensuring secure remote access in distributed environments.\"}, \"type\": \"paragraph\"}], \"version\": \"2.30.7\"}','2024-12-02 13:58:12.425676','Understanding Virtual Private Networks (VPNs) in the Cloud','2024-12-02 13:58:12.425697',20,5),(42,'{\"time\": 1733122721545, \"blocks\": [{\"id\": \"Gv8kh4wbOJ\", \"data\": {\"text\": \"Introduction\", \"level\": 3}, \"type\": \"header\"}, {\"id\": \"s6zuUxJcXJ\", \"data\": {\"text\": \"CDNs are cloud-based networks designed to deliver content efficiently by caching it on servers closer to users.\"}, \"type\": \"paragraph\"}, {\"id\": \"mYAhtU4pSN\", \"data\": {\"text\": \"How CDNs Work\", \"level\": 3}, \"type\": \"header\"}, {\"id\": \"kt9yTNo0b4\", \"data\": {\"meta\": {}, \"items\": [{\"meta\": {}, \"items\": [], \"content\": \"Caching: Stores content like images and videos on edge servers.\"}, {\"meta\": {}, \"items\": [], \"content\": \"Load Balancing: Distributes requests across multiple servers.\"}, {\"meta\": {}, \"items\": [], \"content\": \"Delivery: Ensures faster load times by reducing latency.\"}], \"style\": \"ordered\"}, \"type\": \"list\"}, {\"id\": \"x9tL2LzGl3\", \"data\": {\"text\": \"Benefits of CDNs\", \"level\": 3}, \"type\": \"header\"}, {\"id\": \"7Q2p67PF5N\", \"data\": {\"meta\": {}, \"items\": [{\"meta\": {}, \"items\": [], \"content\": \"Faster Load Times: Speeds up content delivery.\"}, {\"meta\": {}, \"items\": [], \"content\": \"Reduced Bandwidth Costs: Caches reduce server load.\"}, {\"meta\": {}, \"items\": [], \"content\": \"Improved Reliability: Minimizes downtime through redundancy.\"}], \"style\": \"unordered\"}, \"type\": \"list\"}, {\"id\": \"2kmbiZbtSo\", \"data\": {\"text\": \"Conclusion\", \"level\": 3}, \"type\": \"header\"}, {\"id\": \"FNTBWgBvpw\", \"data\": {\"text\": \"CDNs enhance the performance and reliability of cloud networks, making them indispensable for web applications and media streaming.\"}, \"type\": \"paragraph\"}], \"version\": \"2.30.7\"}','2024-12-02 13:58:41.572854','The Role of Content Delivery Networks (CDNs) in Cloud Networking','2024-12-02 13:58:41.572888',20,5),(43,'{\"time\": 1733122740259, \"blocks\": [{\"id\": \"f6N9fTURXK\", \"data\": {\"text\": \"Introduction\", \"level\": 3}, \"type\": \"header\"}, {\"id\": \"FLLaQtzqoW\", \"data\": {\"text\": \"Cloud-based load balancers distribute traffic across multiple servers, ensuring high availability, reliability, and performance.\"}, \"type\": \"paragraph\"}, {\"id\": \"uF8or4xH-P\", \"data\": {\"text\": \"How Load Balancing Works\", \"level\": 3}, \"type\": \"header\"}, {\"id\": \"TF3AB372Wq\", \"data\": {\"meta\": {}, \"items\": [{\"meta\": {}, \"items\": [], \"content\": \"Traffic Distribution: Routes user requests to the least busy server.\"}, {\"meta\": {}, \"items\": [], \"content\": \"Health Checks: Monitors server health to avoid routing to failed servers.\"}, {\"meta\": {}, \"items\": [], \"content\": \"Scaling: Dynamically adjusts resources based on traffic demand.\"}], \"style\": \"ordered\"}, \"type\": \"list\"}, {\"id\": \"bBalXo8flD\", \"data\": {\"text\": \"Types of Load Balancing\", \"level\": 3}, \"type\": \"header\"}, {\"id\": \"zDegFP3Iuh\", \"data\": {\"meta\": {}, \"items\": [{\"meta\": {}, \"items\": [], \"content\": \"Layer 4 (Transport Layer): Balances traffic based on IP and TCP/UDP protocols.\"}, {\"meta\": {}, \"items\": [], \"content\": \"Layer 7 (Application Layer): Routes requests based on content (e.g., URL, cookies).\"}], \"style\": \"unordered\"}, \"type\": \"list\"}, {\"id\": \"N0Jw5ipYNo\", \"data\": {\"text\": \"Conclusion\", \"level\": 3}, \"type\": \"header\"}, {\"id\": \"5T0vr6-LCx\", \"data\": {\"text\": \"Cloud load balancing ensures uninterrupted service by managing traffic efficiently, making it a cornerstone of modern networking.\"}, \"type\": \"paragraph\"}], \"version\": \"2.30.7\"}','2024-12-02 13:59:00.315969','Cloud-Based Load Balancing: Ensuring Network Reliability','2024-12-02 13:59:00.315995',20,5),(44,'{\"time\": 1733122765322, \"blocks\": [{\"id\": \"6FmM2UeiGE\", \"data\": {\"text\": \"Introduction\", \"level\": 3}, \"type\": \"header\"}, {\"id\": \"-w1GD9x4jA\", \"data\": {\"text\": \"Security is a top concern in cloud networks. Implementing best practices ensures data confidentiality, integrity, and availability.\"}, \"type\": \"paragraph\"}, {\"id\": \"StfaX2udN1\", \"data\": {\"text\": \"Best Practices for Securing Cloud Networks\", \"level\": 3}, \"type\": \"header\"}, {\"id\": \"JzRQSIEUV8\", \"data\": {\"meta\": {}, \"items\": [{\"meta\": {}, \"items\": [], \"content\": \"Identity and Access Management (IAM): Restrict access based on roles.\"}, {\"meta\": {}, \"items\": [], \"content\": \"Encryption: Encrypt data both in transit and at rest.\"}, {\"meta\": {}, \"items\": [], \"content\": \"Regular Audits: Conduct vulnerability scans and compliance checks.\"}, {\"meta\": {}, \"items\": [], \"content\": \"Firewalls: Use cloud-based firewalls to monitor and control traffic.\"}], \"style\": \"ordered\"}, \"type\": \"list\"}, {\"id\": \"MoBSg1RtKm\", \"data\": {\"text\": \"Tools for Cloud Security\", \"level\": 3}, \"type\": \"header\"}, {\"id\": \"nRa7jdOCeS\", \"data\": {\"meta\": {}, \"items\": [{\"meta\": {}, \"items\": [], \"content\": \"AWS Shield: Protects against DDoS attacks.\"}, {\"meta\": {}, \"items\": [], \"content\": \"Azure Security Center: Centralized security management.\"}, {\"meta\": {}, \"items\": [], \"content\": \"Google Cloud Armor: Protects applications from threats.\"}], \"style\": \"unordered\"}, \"type\": \"list\"}, {\"id\": \"3Fkl2S-n81\", \"data\": {\"text\": \"Conclusion\", \"level\": 3}, \"type\": \"header\"}, {\"id\": \"kHjDAIRaw0\", \"data\": {\"text\": \"A secure cloud network ensures smooth operations and safeguards sensitive data, fostering trust and reliability in cloud services.\"}, \"type\": \"paragraph\"}], \"version\": \"2.30.7\"}','2024-12-02 13:59:25.356456','Securing Cloud Networks: Best Practices','2024-12-02 13:59:25.356492',20,5),(45,'{\"time\": 1733122967332, \"blocks\": [{\"id\": \"BvfD7p0Zv5\", \"data\": {\"text\": \"Introduction\", \"level\": 3}, \"type\": \"header\"}, {\"id\": \"MUgi29ePlI\", \"data\": {\"text\": \"Sorting algorithms organize data into a specific order (ascending or descending). Efficient sorting improves the performance of other algorithms that rely on sorted data, such as searching.\"}, \"type\": \"paragraph\"}, {\"id\": \"EX-8z9dxzH\", \"data\": {\"text\": \"Common Sorting Algorithms\", \"level\": 3}, \"type\": \"header\"}, {\"id\": \"vLW2H8iLWO\", \"data\": {\"meta\": {}, \"items\": [{\"meta\": {}, \"items\": [], \"content\": \"Bubble Sort: Compares adjacent elements and swaps them if they are out of order.\"}, {\"meta\": {}, \"items\": [], \"content\": \"Selection Sort: Finds the smallest element and places it at the beginning of the array.\"}, {\"meta\": {}, \"items\": [], \"content\": \"Insertion Sort: Builds the sorted list one element at a time by inserting elements into their correct positions.\"}, {\"meta\": {}, \"items\": [], \"content\": \"Merge Sort: Divides the array into smaller subarrays, sorts them, and merges the results.\"}, {\"meta\": {}, \"items\": [], \"content\": \"Quick Sort: Divides data into partitions around a pivot and recursively sorts each partition.\"}], \"style\": \"ordered\"}, \"type\": \"list\"}, {\"id\": \"yYF4NjLVQY\", \"data\": {\"text\": \"Applications of Sorting Algorithms\", \"level\": 3}, \"type\": \"header\"}, {\"id\": \"tfW6OZZx9e\", \"data\": {\"meta\": {}, \"items\": [{\"meta\": {}, \"items\": [], \"content\": \"Sorting user lists in applications.\"}, {\"meta\": {}, \"items\": [], \"content\": \"Arranging data for efficient searching or analysis.\"}, {\"meta\": {}, \"items\": [], \"content\": \"Optimizing databases for faster queries.\"}], \"style\": \"unordered\"}, \"type\": \"list\"}, {\"id\": \"RYDUsftPpt\", \"data\": {\"text\": \"Conclusion\", \"level\": 3}, \"type\": \"header\"}, {\"id\": \"nYHyyiVxmv\", \"data\": {\"text\": \"Sorting algorithms are essential for improving the efficiency of data manipulation and analysis, making them a key tool for developers.\"}, \"type\": \"paragraph\"}], \"version\": \"2.30.7\"}','2024-12-02 14:02:47.350729','Introduction to Sorting Algorithms: Why They Matter','2024-12-02 14:02:47.350748',21,6),(46,'{\"time\": 1733122990748, \"blocks\": [{\"id\": \"RcF7PaLol-\", \"data\": {\"text\": \"Introduction\", \"level\": 3}, \"type\": \"header\"}, {\"id\": \"oe0Yu4pgil\", \"data\": {\"text\": \"Quick Sort is a divide-and-conquer algorithm that is highly efficient for sorting large datasets. Its recursive approach and use of a pivot make it one of the fastest sorting techniques.\"}, \"type\": \"paragraph\"}, {\"id\": \"Esgou8AeoG\", \"data\": {\"text\": \"How Quick Sort Works\", \"level\": 3}, \"type\": \"header\"}, {\"id\": \"qGxCCRBc_a\", \"data\": {\"meta\": {}, \"items\": [{\"meta\": {}, \"items\": [], \"content\": \"Choose a pivot element.\"}, {\"meta\": {}, \"items\": [], \"content\": \"Partition the array into two parts: elements smaller than the pivot and elements larger than the pivot.\"}, {\"meta\": {}, \"items\": [], \"content\": \"Recursively apply the process to the subarrays.\"}], \"style\": \"ordered\"}, \"type\": \"list\"}, {\"id\": \"p3mKaKvJDj\", \"data\": {\"text\": \"Advantages of Quick Sort\", \"level\": 3}, \"type\": \"header\"}, {\"id\": \"v2VAFOUooO\", \"data\": {\"meta\": {}, \"items\": [{\"meta\": {}, \"items\": [], \"content\": \"Efficiency: Works well for large datasets.\"}, {\"meta\": {}, \"items\": [], \"content\": \"In-Place Sorting: Requires minimal extra memory.\"}, {\"meta\": {}, \"items\": [], \"content\": \"Customizable Pivot: Optimizing pivot selection improves performance.\"}], \"style\": \"unordered\"}, \"type\": \"list\"}, {\"id\": \"G-uuHPi9zr\", \"data\": {\"text\": \"Challenges\", \"level\": 3}, \"type\": \"header\"}, {\"id\": \"q06UxzHa8S\", \"data\": {\"meta\": {}, \"items\": [{\"meta\": {}, \"items\": [], \"content\": \"Poor performance in the worst case (already sorted data).\"}, {\"meta\": {}, \"items\": [], \"content\": \"Needs careful pivot selection to avoid inefficiencies.\"}], \"style\": \"unordered\"}, \"type\": \"list\"}, {\"id\": \"bE2JBllMmM\", \"data\": {\"text\": \"Conclusion\", \"level\": 3}, \"type\": \"header\"}, {\"id\": \"RMIkqc64Zc\", \"data\": {\"text\": \"Quick Sort is a powerful sorting algorithm, ideal for applications requiring fast and memory-efficient sorting.\"}, \"type\": \"paragraph\"}], \"version\": \"2.30.7\"}','2024-12-02 14:03:10.790551','Understanding Quick Sort: A Deep Dive','2024-12-02 14:03:10.790591',21,6),(47,'{\"time\": 1733123011826, \"blocks\": [{\"id\": \"jCU6TPj2li\", \"data\": {\"text\": \"Introduction\", \"level\": 3}, \"type\": \"header\"}, {\"id\": \"IULiiHVYsZ\", \"data\": {\"text\": \"Binary Search is a highly efficient algorithm for finding an element in a sorted array. By dividing the search space in half with each step, it achieves logarithmic time complexity.\"}, \"type\": \"paragraph\"}, {\"id\": \"nw6KKv_-sF\", \"data\": {\"text\": \"How Binary Search Works\", \"level\": 3}, \"type\": \"header\"}, {\"id\": \"Kj0ISdQ11R\", \"data\": {\"meta\": {}, \"items\": [{\"meta\": {}, \"items\": [], \"content\": \"Compare the target element with the middle element.\"}, {\"meta\": {}, \"items\": [], \"content\": \"If they are equal, return the position.\"}, {\"meta\": {}, \"items\": [], \"content\": \"If the target is smaller, search the left half; if larger, search the right half.\"}, {\"meta\": {}, \"items\": [], \"content\": \"Repeat until the element is found or the search space is empty.\"}], \"style\": \"ordered\"}, \"type\": \"list\"}, {\"id\": \"B93kzRQbJe\", \"data\": {\"text\": \"Applications\", \"level\": 3}, \"type\": \"header\"}, {\"id\": \"jrgSYFw2nb\", \"data\": {\"meta\": {}, \"items\": [{\"meta\": {}, \"items\": [], \"content\": \"Searching for records in databases.\"}, {\"meta\": {}, \"items\": [], \"content\": \"Indexing in search engines.\"}, {\"meta\": {}, \"items\": [], \"content\": \"Efficient data retrieval in sorted structures.\"}], \"style\": \"unordered\"}, \"type\": \"list\"}, {\"id\": \"bHuCfza5Bq\", \"data\": {\"text\": \"Conclusion\", \"level\": 3}, \"type\": \"header\"}, {\"id\": \"shTXlQrQ01\", \"data\": {\"text\": \"Binary Search’s simplicity and efficiency make it an essential algorithm for retrieving data in sorted arrays or structures.\"}, \"type\": \"paragraph\"}], \"version\": \"2.30.7\"}','2024-12-02 14:03:31.850662','Binary Search: The Foundation of Fast Searching','2024-12-02 14:03:31.850691',21,6),(48,'{\"time\": 1733123028547, \"blocks\": [{\"id\": \"H5Xbz46SbM\", \"data\": {\"text\": \"Introduction\", \"level\": 3}, \"type\": \"header\"}, {\"id\": \"1D1dpur4b6\", \"data\": {\"text\": \"Merge Sort is a stable, divide-and-conquer sorting algorithm. It is widely used in applications where stability and predictable performance are important.\"}, \"type\": \"paragraph\"}, {\"id\": \"BF-8BRTyBO\", \"data\": {\"text\": \"How Merge Sort Works\", \"level\": 3}, \"type\": \"header\"}, {\"id\": \"mGIa6spZv7\", \"data\": {\"meta\": {}, \"items\": [{\"meta\": {}, \"items\": [], \"content\": \"Divide: Split the array into two halves.\"}, {\"meta\": {}, \"items\": [], \"content\": \"Conquer: Recursively sort the subarrays.\"}, {\"meta\": {}, \"items\": [], \"content\": \"Combine: Merge the sorted subarrays into a single sorted array.\"}], \"style\": \"ordered\"}, \"type\": \"list\"}, {\"id\": \"W2Uptp8KT_\", \"data\": {\"text\": \"Advantages\", \"level\": 3}, \"type\": \"header\"}, {\"id\": \"RVAUgLgB1Q\", \"data\": {\"meta\": {}, \"items\": [{\"meta\": {}, \"items\": [], \"content\": \"Stability: Preserves the order of equal elements.\"}, {\"meta\": {}, \"items\": [], \"content\": \"Predictable Performance: Consistent O(n log n) time complexity.\"}, {\"meta\": {}, \"items\": [], \"content\": \"Parallelizability: Suitable for multi-threaded environments.\"}], \"style\": \"unordered\"}, \"type\": \"list\"}, {\"id\": \"IuzGgRGN8T\", \"data\": {\"text\": \"Conclusion\", \"level\": 3}, \"type\": \"header\"}, {\"id\": \"rW0IBRru17\", \"data\": {\"text\": \"Merge Sort’s predictable and stable behavior makes it a preferred choice for applications where reliability is critical.\"}, \"type\": \"paragraph\"}], \"version\": \"2.30.7\"}','2024-12-02 14:03:48.565909','Merge Sort: Stability and Divide-and-Conquer','2024-12-02 14:03:48.565926',21,6),(49,'{\"time\": 1733123045401, \"blocks\": [{\"id\": \"FSTufXie5l\", \"data\": {\"text\": \"Introduction\", \"level\": 3}, \"type\": \"header\"}, {\"id\": \"_IziNjeG1R\", \"data\": {\"text\": \"Heapsort is a comparison-based sorting algorithm that leverages the properties of a binary heap to sort data efficiently.\"}, \"type\": \"paragraph\"}, {\"id\": \"UjB7cJz-5g\", \"data\": {\"text\": \"How Heapsort Works\", \"level\": 3}, \"type\": \"header\"}, {\"id\": \"M3M--I28cX\", \"data\": {\"meta\": {}, \"items\": [{\"meta\": {}, \"items\": [], \"content\": \"Build a Max Heap: Arrange elements to satisfy the heap property.\"}, {\"meta\": {}, \"items\": [], \"content\": \"Extract the Maximum: Remove the largest element and place it at the end of the array.\"}, {\"meta\": {}, \"items\": [], \"content\": \"Heapify: Restore the heap property and repeat.\"}], \"style\": \"ordered\"}, \"type\": \"list\"}, {\"id\": \"WD8uc1gARi\", \"data\": {\"text\": \"Advantages\", \"level\": 3}, \"type\": \"header\"}, {\"id\": \"9oYpfEO6sY\", \"data\": {\"meta\": {}, \"items\": [{\"meta\": {}, \"items\": [], \"content\": \"Efficiency: O(n log n) time complexity for all cases.\"}, {\"meta\": {}, \"items\": [], \"content\": \"Memory Efficiency: Operates in-place with no extra memory requirements.\"}], \"style\": \"unordered\"}, \"type\": \"list\"}, {\"id\": \"5qnr2-4RO_\", \"data\": {\"text\": \"Applications\", \"level\": 3}, \"type\": \"header\"}, {\"id\": \"m5HfeRJIV7\", \"data\": {\"meta\": {}, \"items\": [{\"meta\": {}, \"items\": [], \"content\": \"Priority scheduling.\"}, {\"meta\": {}, \"items\": [], \"content\": \"Managing datasets in dynamic environments.\"}], \"style\": \"unordered\"}, \"type\": \"list\"}, {\"id\": \"CKlkdgpCMo\", \"data\": {\"text\": \"Conclusion\", \"level\": 3}, \"type\": \"header\"}, {\"id\": \"mgG9_j7-nC\", \"data\": {\"text\": \"Heapsort combines the benefits of efficiency and memory optimization, making it suitable for a wide range of applications.\"}, \"type\": \"paragraph\"}], \"version\": \"2.30.7\"}','2024-12-02 14:04:05.435695','Heapsort: The Power of Binary Heaps','2024-12-02 14:04:05.435727',21,6),(50,'{\"time\": 1733123092206, \"blocks\": [{\"id\": \"OIVLI2CsNE\", \"data\": {\"text\": \"Introduction\", \"level\": 3}, \"type\": \"header\"}, {\"id\": \"Thdftbjq_m\", \"data\": {\"text\": \"Trees are hierarchical data structures where each node connects to child nodes, forming a parent-child relationship. They are widely used for modeling hierarchical data.\"}, \"type\": \"paragraph\"}, {\"id\": \"I4-7QeSnTD\", \"data\": {\"text\": \"Types of Trees\", \"level\": 3}, \"type\": \"header\"}, {\"id\": \"4fix_fR6_b\", \"data\": {\"meta\": {}, \"items\": [{\"meta\": {}, \"items\": [], \"content\": \"Binary Trees: Nodes have at most two children.\"}, {\"meta\": {}, \"items\": [], \"content\": \"Binary Search Trees (BST): Left child &lt; parent &lt; right child.\"}, {\"meta\": {}, \"items\": [], \"content\": \"AVL Trees: Self-balancing BSTs for efficient searching.\"}, {\"meta\": {}, \"items\": [], \"content\": \"B-Trees: Generalized trees used in databases.\"}], \"style\": \"ordered\"}, \"type\": \"list\"}, {\"id\": \"x79n_W023c\", \"data\": {\"text\": \"Applications\", \"level\": 3}, \"type\": \"header\"}, {\"id\": \"fd42hF-G_O\", \"data\": {\"meta\": {}, \"items\": [{\"meta\": {}, \"items\": [], \"content\": \"Organizing hierarchical data like file systems.\"}, {\"meta\": {}, \"items\": [], \"content\": \"Searching and indexing in databases.\"}, {\"meta\": {}, \"items\": [], \"content\": \"Pathfinding algorithms in AI.\"}], \"style\": \"unordered\"}, \"type\": \"list\"}, {\"id\": \"4rcRoTcEYB\", \"data\": {\"text\": \"Conclusion\", \"level\": 3}, \"type\": \"header\"}, {\"id\": \"UgZYd6Xso5\", \"data\": {\"text\": \"Trees provide versatile solutions for organizing and accessing hierarchical data efficiently.\"}, \"type\": \"paragraph\"}], \"version\": \"2.30.7\"}','2024-12-02 14:04:52.243419','Introduction to Trees: A Hierarchical Data Structure','2024-12-02 14:04:52.243451',22,6),(51,'{\"time\": 1733123111551, \"blocks\": [{\"id\": \"mKDMMlKhXM\", \"data\": {\"text\": \"Introduction\", \"level\": 3}, \"type\": \"header\"}, {\"id\": \"tBkcZyTs4S\", \"data\": {\"text\": \"Hash tables are data structures that store data in key-value pairs, enabling constant-time average complexity for insertions, deletions, and lookups.\"}, \"type\": \"paragraph\"}, {\"id\": \"ZKF42jINz_\", \"data\": {\"text\": \"How Hash Tables Work\", \"level\": 3}, \"type\": \"header\"}, {\"id\": \"jFHDyA9D0h\", \"data\": {\"meta\": {}, \"items\": [{\"meta\": {}, \"items\": [], \"content\": \"Data is hashed into a unique index.\"}, {\"meta\": {}, \"items\": [], \"content\": \"The index is used to store and retrieve data efficiently.\"}, {\"meta\": {}, \"items\": [], \"content\": \"Collisions are handled using techniques like chaining or open addressing.\"}], \"style\": \"ordered\"}, \"type\": \"list\"}, {\"id\": \"Fj5fOZzsp7\", \"data\": {\"text\": \"Advantages\", \"level\": 3}, \"type\": \"header\"}, {\"id\": \"WElDcUa4-e\", \"data\": {\"meta\": {}, \"items\": [{\"meta\": {}, \"items\": [], \"content\": \"Fast data access.\"}, {\"meta\": {}, \"items\": [], \"content\": \"Ideal for applications requiring dynamic and frequent operations.\"}], \"style\": \"unordered\"}, \"type\": \"list\"}, {\"id\": \"-YCx_4qjsx\", \"data\": {\"text\": \"Applications\", \"level\": 3}, \"type\": \"header\"}, {\"id\": \"bhFqFb2lK-\", \"data\": {\"meta\": {}, \"items\": [{\"meta\": {}, \"items\": [], \"content\": \"Implementing dictionaries and caches.\"}, {\"meta\": {}, \"items\": [], \"content\": \"Associative arrays in programming languages.\"}, {\"meta\": {}, \"items\": [], \"content\": \"Indexing and lookups in databases.\"}], \"style\": \"unordered\"}, \"type\": \"list\"}, {\"id\": \"hOr-WcOICk\", \"data\": {\"text\": \"Conclusion\", \"level\": 3}, \"type\": \"header\"}, {\"id\": \"zZYLO6Pvea\", \"data\": {\"text\": \"Hash tables are essential for applications requiring fast and dynamic data management.\"}, \"type\": \"paragraph\"}], \"version\": \"2.30.7\"}','2024-12-02 14:05:11.585637','Understanding Hash Tables: Key-Value Storage','2024-12-02 14:05:11.585669',22,6),(52,'{\"time\": 1733123132165, \"blocks\": [{\"id\": \"hr_kWV1m5L\", \"data\": {\"text\": \"Introduction\", \"level\": 3}, \"type\": \"header\"}, {\"id\": \"QVUJHzjg3D\", \"data\": {\"text\": \"Graphs are structures consisting of nodes (vertices) connected by edges. They are used to model relationships and connections in data.\"}, \"type\": \"paragraph\"}, {\"id\": \"kNmNGpYNHO\", \"data\": {\"text\": \"Types of Graphs\", \"level\": 3}, \"type\": \"header\"}, {\"id\": \"Bhipj9lRyT\", \"data\": {\"meta\": {}, \"items\": [{\"meta\": {}, \"items\": [], \"content\": \"Directed Graphs: Edges have a direction.\"}, {\"meta\": {}, \"items\": [], \"content\": \"Undirected Graphs: Edges are bidirectional.\"}, {\"meta\": {}, \"items\": [], \"content\": \"Weighted Graphs: Edges have weights representing costs or distances.\"}], \"style\": \"ordered\"}, \"type\": \"list\"}, {\"id\": \"NYdrVVtbxn\", \"data\": {\"text\": \"Applications\", \"level\": 3}, \"type\": \"header\"}, {\"id\": \"vstY05wHe9\", \"data\": {\"meta\": {}, \"items\": [{\"meta\": {}, \"items\": [], \"content\": \"Social network analysis.\"}, {\"meta\": {}, \"items\": [], \"content\": \"Routing in navigation systems.\"}, {\"meta\": {}, \"items\": [], \"content\": \"Network flow and optimization.\"}], \"style\": \"unordered\"}, \"type\": \"list\"}, {\"id\": \"JtUX4OQojw\", \"data\": {\"text\": \"Conclusion\", \"level\": 3}, \"type\": \"header\"}, {\"id\": \"T0vatX5yPX\", \"data\": {\"text\": \"Graphs are powerful tools for solving problems involving relationships and connectivity.\"}, \"type\": \"paragraph\"}], \"version\": \"2.30.7\"}','2024-12-02 14:05:32.195716','Graphs: Representing Relationships in Data','2024-12-02 14:05:32.195758',22,6),(53,'{\"time\": 1733123147766, \"blocks\": [{\"id\": \"OignxSG6WH\", \"data\": {\"text\": \"Introduction\", \"level\": 3}, \"type\": \"header\"}, {\"id\": \"Mn0ZWQTZi8\", \"data\": {\"text\": \"Tries are specialized trees designed for string matching. They provide efficient solutions for problems involving prefixes and word lookups.\"}, \"type\": \"paragraph\"}, {\"id\": \"K8KmApg5qQ\", \"data\": {\"text\": \"How Tries Work\", \"level\": 3}, \"type\": \"header\"}, {\"id\": \"xANJLYERAd\", \"data\": {\"meta\": {}, \"items\": [{\"meta\": {}, \"items\": [], \"content\": \"Characters are stored as nodes.\"}, {\"meta\": {}, \"items\": [], \"content\": \"Words are represented by paths in the tree.\"}, {\"meta\": {}, \"items\": [], \"content\": \"Searching involves traversing the tree along the characters of the string.\"}], \"style\": \"ordered\"}, \"type\": \"list\"}, {\"id\": \"vqOOgsFxQ6\", \"data\": {\"text\": \"Applications\", \"level\": 3}, \"type\": \"header\"}, {\"id\": \"41GtN2cu9r\", \"data\": {\"meta\": {}, \"items\": [{\"meta\": {}, \"items\": [], \"content\": \"Auto-complete and spell-check features.\"}, {\"meta\": {}, \"items\": [], \"content\": \"Storing dictionaries in compact formats.\"}, {\"meta\": {}, \"items\": [], \"content\": \"Pattern matching in text processing.\"}], \"style\": \"unordered\"}, \"type\": \"list\"}, {\"id\": \"3de5TnFzlx\", \"data\": {\"text\": \"Conclusion\", \"level\": 3}, \"type\": \"header\"}, {\"id\": \"H6KxnFno3h\", \"data\": {\"text\": \"Tries excel in string-based operations, offering unparalleled efficiency in matching and storage.\"}, \"type\": \"paragraph\"}], \"version\": \"2.30.7\"}','2024-12-02 14:05:47.805466','Tries: Efficient String Matching','2024-12-02 14:05:47.805508',22,6),(54,'{\"time\": 1733123168840, \"blocks\": [{\"id\": \"Lsj4S9nTNQ\", \"data\": {\"text\": \"Introduction\", \"level\": 3}, \"type\": \"header\"}, {\"id\": \"N2pkkIu7SA\", \"data\": {\"text\": \"Segment trees are advanced data structures used for answering range queries efficiently. They are particularly useful in competitive programming and real-time applications.\"}, \"type\": \"paragraph\"}, {\"id\": \"anmeTMlFFH\", \"data\": {\"text\": \"How Segment Trees Work\", \"level\": 3}, \"type\": \"header\"}, {\"id\": \"IctgRJ23jD\", \"data\": {\"meta\": {}, \"items\": [{\"meta\": {}, \"items\": [], \"content\": \"Build a tree to store segment information.\"}, {\"meta\": {}, \"items\": [], \"content\": \"Use the tree to answer range queries (e.g., sum, minimum) in O(log n) time.\"}, {\"meta\": {}, \"items\": [], \"content\": \"Update values dynamically without rebuilding the entire structure.\"}], \"style\": \"ordered\"}, \"type\": \"list\"}, {\"id\": \"aIA9tGaVd1\", \"data\": {\"text\": \"Applications\", \"level\": 3}, \"type\": \"header\"}, {\"id\": \"Y4JWetiH7Y\", \"data\": {\"meta\": {}, \"items\": [{\"meta\": {}, \"items\": [], \"content\": \"Range sum and range minimum queries.\"}, {\"meta\": {}, \"items\": [], \"content\": \"Dynamic programming optimizations.\"}, {\"meta\": {}, \"items\": [], \"content\": \"Interval scheduling and event management.\"}], \"style\": \"unordered\"}, \"type\": \"list\"}, {\"id\": \"h8T5GOR-pI\", \"data\": {\"text\": \"Conclusion\", \"level\": 3}, \"type\": \"header\"}, {\"id\": \"vHWuFAFV18\", \"data\": {\"text\": \"Segment trees provide a powerful solution for problems requiring dynamic and efficient range queries.\"}, \"type\": \"paragraph\"}], \"version\": \"2.30.7\"}','2024-12-02 14:06:08.869890','Segment Trees: Dynamic Range Queries','2024-12-02 14:06:08.869930',22,6),(55,'{\"time\": 1733123394113, \"blocks\": [{\"id\": \"UFgEy3W90r\", \"data\": {\"text\": \"Introduction\", \"level\": 3}, \"type\": \"header\"}, {\"id\": \"dvj6Mb0mor\", \"data\": {\"text\": \"Relational databases are structured systems for managing data organized into tables. They follow a schema and use SQL (Structured Query Language) for querying and managing data.\"}, \"type\": \"paragraph\"}, {\"id\": \"g2RVMsVVCJ\", \"data\": {\"text\": \"Key Features of Relational Databases\", \"level\": 3}, \"type\": \"header\"}, {\"id\": \"_8SiIHMhd0\", \"data\": {\"meta\": {}, \"items\": [{\"meta\": {}, \"items\": [], \"content\": \"Structured Data: Organizes data into rows and columns.\"}, {\"meta\": {}, \"items\": [], \"content\": \"Schema-Based: Ensures data adheres to predefined formats.\"}, {\"meta\": {}, \"items\": [], \"content\": \"ACID Properties: Guarantees Atomicity, Consistency, Isolation, and Durability.\"}], \"style\": \"ordered\"}, \"type\": \"list\"}, {\"id\": \"iAZNbVkNFf\", \"data\": {\"text\": \"Popular Relational Database Systems\", \"level\": 3}, \"type\": \"header\"}, {\"id\": \"SfWhSmC0lE\", \"data\": {\"meta\": {}, \"items\": [{\"meta\": {}, \"items\": [], \"content\": \"MySQL: Open-source and widely used for web applications.\"}, {\"meta\": {}, \"items\": [], \"content\": \"PostgreSQL: Known for advanced features and extensibility.\"}, {\"meta\": {}, \"items\": [], \"content\": \"SQLite: Lightweight and embedded database system.\"}], \"style\": \"unordered\"}, \"type\": \"list\"}, {\"id\": \"omzB3SzNy2\", \"data\": {\"text\": \"Applications of Relational Databases\", \"level\": 3}, \"type\": \"header\"}, {\"id\": \"R3lt4_qA7O\", \"data\": {\"meta\": {}, \"items\": [{\"meta\": {}, \"items\": [], \"content\": \"E-commerce platforms for managing product inventories.\"}, {\"meta\": {}, \"items\": [], \"content\": \"Banking systems for secure transactions.\"}, {\"meta\": {}, \"items\": [], \"content\": \"Customer Relationship Management (CRM) systems.\"}], \"style\": \"unordered\"}, \"type\": \"list\"}, {\"id\": \"PoVItAAJn7\", \"data\": {\"text\": \"Conclusion\", \"level\": 3}, \"type\": \"header\"}, {\"id\": \"wXiWrH7-dW\", \"data\": {\"text\": \"Relational databases remain a cornerstone of data management, offering reliability and flexibility for diverse applications.\"}, \"type\": \"paragraph\"}], \"version\": \"2.30.7\"}','2024-12-02 14:09:54.148863','Introduction to Relational Databases: The Basics','2024-12-02 14:09:54.148921',NULL,7),(56,'{\"time\": 1733123413868, \"blocks\": [{\"id\": \"awDS3GWwXf\", \"data\": {\"text\": \"Introduction\", \"level\": 3}, \"type\": \"header\"}, {\"id\": \"8De_F_agqQ\", \"data\": {\"text\": \"Normalization is the process of organizing database tables to reduce redundancy and improve data integrity. It involves dividing data into related tables and defining relationships between them.\"}, \"type\": \"paragraph\"}, {\"id\": \"vZGuSv2DW7\", \"data\": {\"text\": \"Normalization Levels\", \"level\": 3}, \"type\": \"header\"}, {\"id\": \"M_mVb2E4Va\", \"data\": {\"meta\": {}, \"items\": [{\"meta\": {}, \"items\": [], \"content\": \"First Normal Form (1NF): Eliminates duplicate columns and ensures atomic values.\"}, {\"meta\": {}, \"items\": [], \"content\": \"Second Normal Form (2NF): Removes subsets of data that apply to multiple rows.\"}, {\"meta\": {}, \"items\": [], \"content\": \"Third Normal Form (3NF): Ensures all data depends only on the primary key.\"}], \"style\": \"ordered\"}, \"type\": \"list\"}, {\"id\": \"hLULOh9-jX\", \"data\": {\"text\": \"Benefits of Normalization\", \"level\": 3}, \"type\": \"header\"}, {\"id\": \"Liu3qUcFGv\", \"data\": {\"meta\": {}, \"items\": [{\"meta\": {}, \"items\": [], \"content\": \"Reduces data redundancy.\"}, {\"meta\": {}, \"items\": [], \"content\": \"Enhances data integrity and consistency.\"}, {\"meta\": {}, \"items\": [], \"content\": \"Simplifies database maintenance.\"}], \"style\": \"unordered\"}, \"type\": \"list\"}, {\"id\": \"gbs5LOZjm3\", \"data\": {\"text\": \"Conclusion\", \"level\": 3}, \"type\": \"header\"}, {\"id\": \"ea9DinKWIE\", \"data\": {\"text\": \"Normalization improves database efficiency and ensures reliable data organization, making it a vital practice in relational database design.\"}, \"type\": \"paragraph\"}], \"version\": \"2.30.7\"}','2024-12-02 14:10:13.921842','Normalization: Structuring Data for Efficiency','2024-12-02 14:10:13.921879',23,7),(57,'{\"time\": 1733123435432, \"blocks\": [{\"id\": \"JTtnkOVh-v\", \"data\": {\"text\": \"Introduction\", \"level\": 3}, \"type\": \"header\"}, {\"id\": \"yzDcMwrRda\", \"data\": {\"text\": \"SQL (Structured Query Language) is the standard language for interacting with relational databases. It allows users to create, query, update, and manage data.\"}, \"type\": \"paragraph\"}, {\"id\": \"P9gEIn0Cdi\", \"data\": {\"text\": \"Common SQL Operations\", \"level\": 3}, \"type\": \"header\"}, {\"id\": \"FAflvvAjHM\", \"data\": {\"meta\": {}, \"items\": [{\"meta\": {}, \"items\": [], \"content\": \"Data Retrieval:<ul><li data-empty=\\\"false\\\">SELECT: Fetches specific columns or rows.</li><li data-empty=\\\"false\\\">WHERE: Filters data based on conditions.</li></ul>\"}, {\"meta\": {}, \"items\": [], \"content\": \"Data Modification:<ul><li data-empty=\\\"false\\\">INSERT: Adds new rows to a table.</li><li data-empty=\\\"false\\\">UPDATE: Modifies existing data.</li><li data-empty=\\\"false\\\">DELETE: Removes rows.</li></ul>\"}, {\"meta\": {}, \"items\": [], \"content\": \"Data Definition:<ul><li data-empty=\\\"false\\\">CREATE TABLE: Defines a new table.</li><li data-empty=\\\"false\\\">ALTER TABLE: Modifies table structure.</li></ul>\"}], \"style\": \"ordered\"}, \"type\": \"list\"}, {\"id\": \"6Y51_iT25x\", \"data\": {\"text\": \"Best Practices for SQL\", \"level\": 3}, \"type\": \"header\"}, {\"id\": \"dZL9vgUHpj\", \"data\": {\"meta\": {}, \"items\": [{\"meta\": {}, \"items\": [], \"content\": \"Use proper indexing for faster queries.\"}, {\"meta\": {}, \"items\": [], \"content\": \"Avoid selecting unnecessary columns to improve performance.\"}, {\"meta\": {}, \"items\": [], \"content\": \"Use parameterized queries to prevent SQL injection attacks.\"}], \"style\": \"unordered\"}, \"type\": \"list\"}, {\"id\": \"7K7wyKJrPk\", \"data\": {\"text\": \"Conclusion\", \"level\": 3}, \"type\": \"header\"}, {\"id\": \"5M2i9h89Ei\", \"data\": {\"text\": \"Mastering SQL is essential for working with relational databases, enabling efficient and secure data management.\"}, \"type\": \"paragraph\"}], \"version\": \"2.30.7\"}','2024-12-02 14:10:35.464207','SQL Basics: Querying Relational Databases','2024-12-02 14:10:35.464238',23,7),(58,'{\"time\": 1733123456757, \"blocks\": [{\"id\": \"7VGyRj12Qa\", \"data\": {\"text\": \"Introduction\", \"level\": 3}, \"type\": \"header\"}, {\"id\": \"TtJ-UwkiHR\", \"data\": {\"text\": \"Joins in SQL allow users to combine data from two or more tables based on related columns. They are essential for working with normalized databases.\"}, \"type\": \"paragraph\"}, {\"id\": \"wAdibIiW1H\", \"data\": {\"text\": \"Types of Joins\", \"level\": 3}, \"type\": \"header\"}, {\"id\": \"QUaJ3XhosY\", \"data\": {\"meta\": {}, \"items\": [{\"meta\": {}, \"items\": [], \"content\": \"Inner Join: Returns rows with matching values in both tables.\"}, {\"meta\": {}, \"items\": [], \"content\": \"Left Join: Returns all rows from the left table and matching rows from the right table.\"}, {\"meta\": {}, \"items\": [], \"content\": \"Right Join: Returns all rows from the right table and matching rows from the left table.\"}, {\"meta\": {}, \"items\": [], \"content\": \"Full Join: Returns all rows when there is a match in either table.\"}], \"style\": \"ordered\"}, \"type\": \"list\"}, {\"id\": \"EnpOnKpKpt\", \"data\": {\"text\": \"Examples of Joins\", \"level\": 3}, \"type\": \"header\"}, {\"id\": \"tngZGwlBLS\", \"data\": {\"meta\": {}, \"items\": [{\"meta\": {}, \"items\": [], \"content\": \"Combining customer and order data.\"}, {\"meta\": {}, \"items\": [], \"content\": \"Fetching employee details along with their department information.\"}], \"style\": \"unordered\"}, \"type\": \"list\"}, {\"id\": \"Z08QbOuuYG\", \"data\": {\"text\": \"Conclusion\", \"level\": 3}, \"type\": \"header\"}, {\"id\": \"Ib8bp_kvmo\", \"data\": {\"text\": \"Understanding SQL joins is critical for efficiently combining and analyzing data across multiple tables.\"}, \"type\": \"paragraph\"}], \"version\": \"2.30.7\"}','2024-12-02 14:10:56.795680','Joins in SQL: Combining Data from Multiple Tables','2024-12-02 14:10:56.795722',23,7),(59,'{\"time\": 1733123474981, \"blocks\": [{\"id\": \"tA9rysFq0A\", \"data\": {\"text\": \"Introduction\", \"level\": 3}, \"type\": \"header\"}, {\"id\": \"IuHbNsCiVt\", \"data\": {\"text\": \"Indexes are special database structures that improve query performance by allowing faster data retrieval. They act like a roadmap for the database, speeding up searches.\"}, \"type\": \"paragraph\"}, {\"id\": \"6kjqxH3edN\", \"data\": {\"text\": \"Types of Indexes\", \"level\": 3}, \"type\": \"header\"}, {\"id\": \"8T1DRWKXZY\", \"data\": {\"meta\": {}, \"items\": [{\"meta\": {}, \"items\": [], \"content\": \"Primary Index: Automatically created for primary keys.\"}, {\"meta\": {}, \"items\": [], \"content\": \"Unique Index: Ensures all indexed values are unique.\"}, {\"meta\": {}, \"items\": [], \"content\": \"Composite Index: Combines multiple columns to optimize specific queries.\"}], \"style\": \"ordered\"}, \"type\": \"list\"}, {\"id\": \"5-aIDUjmRc\", \"data\": {\"text\": \"When to Use Indexes\", \"level\": 3}, \"type\": \"header\"}, {\"id\": \"Cx0BBNeH0l\", \"data\": {\"meta\": {}, \"items\": [{\"meta\": {}, \"items\": [], \"content\": \"On frequently queried columns.\"}, {\"meta\": {}, \"items\": [], \"content\": \"For columns used in&nbsp;WHERE,&nbsp;JOIN, or&nbsp;ORDER BY&nbsp;clauses.\"}], \"style\": \"unordered\"}, \"type\": \"list\"}, {\"id\": \"RPt8qk3xYP\", \"data\": {\"text\": \"Caveats of Indexing\", \"level\": 3}, \"type\": \"header\"}, {\"id\": \"jRnKDY8ViL\", \"data\": {\"meta\": {}, \"items\": [{\"meta\": {}, \"items\": [], \"content\": \"Increases storage requirements.\"}, {\"meta\": {}, \"items\": [], \"content\": \"Slows down&nbsp;INSERT,&nbsp;UPDATE, and&nbsp;DELETE&nbsp;operations.\"}], \"style\": \"unordered\"}, \"type\": \"list\"}, {\"id\": \"eje0YIxb33\", \"data\": {\"text\": \"Conclusion\", \"level\": 3}, \"type\": \"header\"}, {\"id\": \"Z3NCzeadK4\", \"data\": {\"text\": \"Indexes are invaluable for improving query performance, but careful planning is required to balance efficiency and resource usage.\"}, \"type\": \"paragraph\"}], \"version\": \"2.30.7\"}','2024-12-02 14:11:15.028489','Indexes in Relational Databases: Enhancing Query Performance','2024-12-02 14:11:15.028514',23,7),(60,'{\"time\": 1733123525230, \"blocks\": [{\"id\": \"Oq6IgVu7N3\", \"data\": {\"text\": \"Introduction\", \"level\": 3}, \"type\": \"header\"}, {\"id\": \"UnD_4MdqbJ\", \"data\": {\"text\": \"NoSQL databases provide flexible and scalable data storage solutions, unlike traditional relational databases. They are designed to handle large volumes of unstructured or semi-structured data.\"}, \"type\": \"paragraph\"}, {\"id\": \"kch4jYmXrz\", \"data\": {\"text\": \"Characteristics of NoSQL Databases\", \"level\": 3}, \"type\": \"header\"}, {\"id\": \"SqLwmwA1Bz\", \"data\": {\"meta\": {}, \"items\": [{\"meta\": {}, \"items\": [], \"content\": \"Schema-Free: No fixed schema allows dynamic changes.\"}, {\"meta\": {}, \"items\": [], \"content\": \"Horizontal Scalability: Distributes data across multiple servers.\"}, {\"meta\": {}, \"items\": [], \"content\": \"High Performance: Optimized for fast reads and writes.\"}], \"style\": \"unordered\"}, \"type\": \"list\"}, {\"id\": \"ZyCCUiA9u2\", \"data\": {\"text\": \"Types of NoSQL Databases\", \"level\": 3}, \"type\": \"header\"}, {\"id\": \"IWdhnf5A4G\", \"data\": {\"meta\": {}, \"items\": [{\"meta\": {}, \"items\": [], \"content\": \"Document Stores: Store data in JSON or BSON format (e.g., MongoDB).\"}, {\"meta\": {}, \"items\": [], \"content\": \"Key-Value Stores: Use key-value pairs for fast lookups (e.g., Redis).\"}, {\"meta\": {}, \"items\": [], \"content\": \"Column-Family Stores: Optimize for large datasets with sparse columns (e.g., Cassandra).\"}, {\"meta\": {}, \"items\": [], \"content\": \"Graph Databases: Represent relationships between entities (e.g., Neo4j).\"}], \"style\": \"ordered\"}, \"type\": \"list\"}, {\"id\": \"WHdsgrnVMH\", \"data\": {\"text\": \"Conclusion\", \"level\": 3}, \"type\": \"header\"}, {\"id\": \"ecVnTI8_KR\", \"data\": {\"text\": \"NoSQL databases are essential for modern applications requiring flexibility and scalability, especially in dynamic environments.\"}, \"type\": \"paragraph\"}], \"version\": \"2.30.7\"}','2024-12-02 14:12:05.277237','Introduction to NoSQL Databases','2024-12-02 14:12:05.277298',24,7),(61,'{\"time\": 1733123542103, \"blocks\": [{\"id\": \"jhzElPP52e\", \"data\": {\"text\": \"Introduction\", \"level\": 3}, \"type\": \"header\"}, {\"id\": \"4dd9Vsjyvr\", \"data\": {\"text\": \"Document databases store data as documents, typically in JSON or BSON format. This format allows flexibility and easy representation of complex objects.\"}, \"type\": \"paragraph\"}, {\"id\": \"4xZvhwKwEt\", \"data\": {\"text\": \"How Document Databases Work\", \"level\": 3}, \"type\": \"header\"}, {\"id\": \"KhOV0i8qbD\", \"data\": {\"meta\": {}, \"items\": [{\"meta\": {}, \"items\": [], \"content\": \"Each document is a self-contained unit with key-value pairs.\"}, {\"meta\": {}, \"items\": [], \"content\": \"Collections group related documents.\"}, {\"meta\": {}, \"items\": [], \"content\": \"Queries retrieve documents based on keys or attributes.\"}], \"style\": \"ordered\"}, \"type\": \"list\"}, {\"id\": \"PDUcdFF-4b\", \"data\": {\"text\": \"Advantages\", \"level\": 3}, \"type\": \"header\"}, {\"id\": \"z7QMvbOD3j\", \"data\": {\"meta\": {}, \"items\": [{\"meta\": {}, \"items\": [], \"content\": \"Flexible schemas for dynamic data.\"}, {\"meta\": {}, \"items\": [], \"content\": \"Scalability for large datasets.\"}, {\"meta\": {}, \"items\": [], \"content\": \"Fast read and write operations.\"}], \"style\": \"unordered\"}, \"type\": \"list\"}, {\"id\": \"y527_8E2qQ\", \"data\": {\"text\": \"Applications\", \"level\": 3}, \"type\": \"header\"}, {\"id\": \"e_LFLQ17al\", \"data\": {\"meta\": {}, \"items\": [{\"meta\": {}, \"items\": [], \"content\": \"Content management systems.\"}, {\"meta\": {}, \"items\": [], \"content\": \"E-commerce platforms for managing product catalogs.\"}], \"style\": \"unordered\"}, \"type\": \"list\"}, {\"id\": \"4rMMBEk1FL\", \"data\": {\"text\": \"Conclusion\", \"level\": 3}, \"type\": \"header\"}, {\"id\": \"cCcXBgUJJm\", \"data\": {\"text\": \"Document databases like MongoDB offer a powerful solution for managing semi-structured data in modern applications.\"}, \"type\": \"paragraph\"}], \"version\": \"2.30.7\"}','2024-12-02 14:12:22.149949','Document Databases: Storing Data as Documents','2024-12-02 14:12:22.149981',24,7),(62,'{\"time\": 1733123561262, \"blocks\": [{\"id\": \"W_aYaGlZeG\", \"data\": {\"text\": \"Introduction\", \"level\": 3}, \"type\": \"header\"}, {\"id\": \"cuKhYxLrFp\", \"data\": {\"text\": \"Key-value stores are NoSQL databases designed for simplicity and speed, where data is stored and retrieved using unique keys.\"}, \"type\": \"paragraph\"}, {\"id\": \"SA1ZfRz6rG\", \"data\": {\"text\": \"How Key-Value Stores Work\", \"level\": 3}, \"type\": \"header\"}, {\"id\": \"i604cbG2d4\", \"data\": {\"meta\": {}, \"items\": [{\"meta\": {}, \"items\": [], \"content\": \"Each record consists of a unique key and an associated value.\"}, {\"meta\": {}, \"items\": [], \"content\": \"Retrieval is direct and efficient using the key.\"}], \"style\": \"unordered\"}, \"type\": \"list\"}, {\"id\": \"IiVL8AYDg1\", \"data\": {\"text\": \"Popular Key-Value Stores\", \"level\": 3}, \"type\": \"header\"}, {\"id\": \"ZDw7l9L2_i\", \"data\": {\"meta\": {}, \"items\": [{\"meta\": {}, \"items\": [], \"content\": \"Redis: In-memory store with ultra-fast performance.\"}, {\"meta\": {}, \"items\": [], \"content\": \"DynamoDB: AWS-managed service with seamless scaling.\"}], \"style\": \"unordered\"}, \"type\": \"list\"}, {\"id\": \"EcNSBnhd9-\", \"data\": {\"text\": \"Applications\", \"level\": 3}, \"type\": \"header\"}, {\"id\": \"-FHi_dLuot\", \"data\": {\"meta\": {}, \"items\": [{\"meta\": {}, \"items\": [], \"content\": \"Caching systems for web applications.\"}, {\"meta\": {}, \"items\": [], \"content\": \"Session management for real-time systems.\"}], \"style\": \"unordered\"}, \"type\": \"list\"}, {\"id\": \"d4cOc79pNu\", \"data\": {\"text\": \"Conclusion\", \"level\": 3}, \"type\": \"header\"}, {\"id\": \"eW1V3USpmC\", \"data\": {\"text\": \"Key-value stores are ideal for scenarios requiring high-speed data access with minimal complexity.\"}, \"type\": \"paragraph\"}], \"version\": \"2.30.7\"}','2024-12-02 14:12:41.292490','Key-Value Stores: Simplicity and Speed','2024-12-02 14:12:41.292522',24,7),(63,'{\"time\": 1733123578771, \"blocks\": [{\"id\": \"kUD5nBrLtV\", \"data\": {\"text\": \"Introduction\", \"level\": 3}, \"type\": \"header\"}, {\"id\": \"XMqomKoIO_\", \"data\": {\"text\": \"Graph databases are specialized for representing and querying relationships between entities, making them ideal for social networks and recommendation systems.\"}, \"type\": \"paragraph\"}, {\"id\": \"liyk86nBnb\", \"data\": {\"text\": \"How Graph Databases Work\", \"level\": 3}, \"type\": \"header\"}, {\"id\": \"KWX397ZylN\", \"data\": {\"meta\": {}, \"items\": [{\"meta\": {}, \"items\": [], \"content\": \"Nodes: Represent entities (e.g., users, products).\"}, {\"meta\": {}, \"items\": [], \"content\": \"Edges: Represent relationships (e.g., follows, purchases).\"}, {\"meta\": {}, \"items\": [], \"content\": \"Properties: Additional information about nodes or edges.\"}], \"style\": \"ordered\"}, \"type\": \"list\"}, {\"id\": \"Y3A-nrCFGN\", \"data\": {\"text\": \"Popular Graph Databases\", \"level\": 3}, \"type\": \"header\"}, {\"id\": \"pnpkFLWbhV\", \"data\": {\"meta\": {}, \"items\": [{\"meta\": {}, \"items\": [], \"content\": \"Neo4j: Powerful graph database with advanced query capabilities.\"}, {\"meta\": {}, \"items\": [], \"content\": \"Amazon Neptune: Fully managed graph database service.\"}], \"style\": \"unordered\"}, \"type\": \"list\"}, {\"id\": \"v5uxvDD3F5\", \"data\": {\"text\": \"Applications\", \"level\": 3}, \"type\": \"header\"}, {\"id\": \"be7PvKfnhJ\", \"data\": {\"meta\": {}, \"items\": [{\"meta\": {}, \"items\": [], \"content\": \"Social media platforms for analyzing user connections.\"}, {\"meta\": {}, \"items\": [], \"content\": \"Recommendation engines for personalized content.\"}], \"style\": \"unordered\"}, \"type\": \"list\"}, {\"id\": \"R3bzgu93-P\", \"data\": {\"text\": \"Conclusion\", \"level\": 3}, \"type\": \"header\"}, {\"id\": \"N9pwqbUZlc\", \"data\": {\"text\": \"Graph databases provide unparalleled efficiency for relationship-based queries, enabling insights that traditional databases struggle to deliver.\"}, \"type\": \"paragraph\"}], \"version\": \"2.30.7\"}','2024-12-02 14:12:58.804189','Graph Databases: Modeling Relationships','2024-12-02 14:12:58.804252',24,7),(64,'{\"time\": 1733123596181, \"blocks\": [{\"id\": \"vXdfKkrGJR\", \"data\": {\"text\": \"Introduction\", \"level\": 3}, \"type\": \"header\"}, {\"id\": \"VJ26Tl7Y2S\", \"data\": {\"text\": \"Column-family stores organize data into rows and columns but allow flexible column definitions, making them suitable for large-scale applications.\"}, \"type\": \"paragraph\"}, {\"id\": \"GNsPep40EU\", \"data\": {\"text\": \"How Column-Family Stores Work\", \"level\": 3}, \"type\": \"header\"}, {\"id\": \"35JDw38KO-\", \"data\": {\"meta\": {}, \"items\": [{\"meta\": {}, \"items\": [], \"content\": \"Data is grouped into column families.\"}, {\"meta\": {}, \"items\": [], \"content\": \"Each row can have different columns, unlike relational databases.\"}], \"style\": \"unordered\"}, \"type\": \"list\"}, {\"id\": \"BFG590dz3e\", \"data\": {\"text\": \"Popular Column-Family Databases\", \"level\": 3}, \"type\": \"header\"}, {\"id\": \"AVyAOM3THh\", \"data\": {\"meta\": {}, \"items\": [{\"meta\": {}, \"items\": [], \"content\": \"Apache Cassandra: Optimized for distributed data storage.\"}, {\"meta\": {}, \"items\": [], \"content\": \"HBase: Built on top of Hadoop for big data processing.\"}], \"style\": \"unordered\"}, \"type\": \"list\"}, {\"id\": \"Nby2NMWCn9\", \"data\": {\"text\": \"Applications\", \"level\": 3}, \"type\": \"header\"}, {\"id\": \"DndYDsYCZ4\", \"data\": {\"meta\": {}, \"items\": [{\"meta\": {}, \"items\": [], \"content\": \"IoT systems for managing sensor data.\"}, {\"meta\": {}, \"items\": [], \"content\": \"Analytics platforms for processing time-series data.\"}], \"style\": \"unordered\"}, \"type\": \"list\"}, {\"id\": \"RJhiD0tZLy\", \"data\": {\"text\": \"Conclusion\", \"level\": 3}, \"type\": \"header\"}, {\"id\": \"9-vtdvw8BT\", \"data\": {\"text\": \"Column-family stores provide the flexibility and scalability required for big data applications, making them a key component of modern data architectures.\"}, \"type\": \"paragraph\"}], \"version\": \"2.30.7\"}','2024-12-02 14:13:16.221930','Column-Family Stores: Handling Wide Data','2024-12-02 14:13:16.221975',24,7),(65,'{\"time\": 1733123800608, \"blocks\": [{\"id\": \"U5n_DrNb2c\", \"data\": {\"text\": \"Introduction\", \"level\": 3}, \"type\": \"header\"}, {\"id\": \"aKOhZO7G8i\", \"data\": {\"text\": \"Processes and threads are fundamental concepts in operating systems. A process is an executing instance of a program, while threads are smaller units of execution within a process.\"}, \"type\": \"paragraph\"}, {\"id\": \"C8PFGE3Z1B\", \"data\": {\"text\": \"Key Concepts\", \"level\": 3}, \"type\": \"header\"}, {\"id\": \"7TztsxPjz9\", \"data\": {\"meta\": {\"counterType\": \"numeric\"}, \"items\": [{\"meta\": {}, \"items\": [], \"content\": \"Processes:<ul><li data-empty=\\\"false\\\">Independent entities with their own memory and resources.</li><li data-empty=\\\"false\\\">Can communicate via inter-process communication (IPC).</li></ul>\"}, {\"meta\": {}, \"items\": [], \"content\": \"Threads:<ul><li data-empty=\\\"false\\\">Share the process\'s memory and resources.</li><li data-empty=\\\"false\\\">Lightweight compared to processes.</li></ul>\"}], \"style\": \"ordered\"}, \"type\": \"list\"}, {\"id\": \"KIisQbB6n3\", \"data\": {\"text\": \"States of a Process\", \"level\": 3}, \"type\": \"header\"}, {\"id\": \"U7ZJDlYJlR\", \"data\": {\"meta\": {}, \"items\": [{\"meta\": {}, \"items\": [], \"content\": \"New: Process is being created.\"}, {\"meta\": {}, \"items\": [], \"content\": \"Ready: Process is ready to execute.\"}, {\"meta\": {}, \"items\": [], \"content\": \"Running: Process is being executed.\"}, {\"meta\": {}, \"items\": [], \"content\": \"Waiting: Process is waiting for a resource.\"}, {\"meta\": {}, \"items\": [], \"content\": \"Terminated: Process has finished execution.\"}], \"style\": \"unordered\"}, \"type\": \"list\"}, {\"id\": \"IM_C7eGoC6\", \"data\": {\"text\": \"Applications\", \"level\": 3}, \"type\": \"header\"}, {\"id\": \"TEVGQL2qG1\", \"data\": {\"meta\": {}, \"items\": [{\"meta\": {}, \"items\": [], \"content\": \"Multitasking environments.\"}, {\"meta\": {}, \"items\": [], \"content\": \"Web servers managing multiple requests.\"}], \"style\": \"unordered\"}, \"type\": \"list\"}, {\"id\": \"JHXRkINJJE\", \"data\": {\"text\": \"Conclusion\", \"level\": 3}, \"type\": \"header\"}, {\"id\": \"gCxcqB6AQD\", \"data\": {\"text\": \"Understanding processes and threads is crucial for designing efficient systems that can manage concurrent tasks seamlessly.\"}, \"type\": \"paragraph\"}], \"version\": \"2.30.7\"}','2024-12-02 14:16:08.408208','Introduction to Processes and Threads','2024-12-02 14:16:40.654677',25,8),(66,'{\"time\": 1733123839079, \"blocks\": [{\"id\": \"7TxqjwzIZg\", \"data\": {\"text\": \"Introduction\", \"level\": 3}, \"type\": \"header\"}, {\"id\": \"zLCGNTd_vu\", \"data\": {\"text\": \"CPU scheduling determines the order in which processes execute on the CPU. It aims to maximize resource utilization and ensure fairness among processes.\"}, \"type\": \"paragraph\"}, {\"id\": \"JbCaMDPUy-\", \"data\": {\"text\": \"Scheduling Algorithms\", \"level\": 3}, \"type\": \"header\"}, {\"id\": \"g2cY9Z5lkO\", \"data\": {\"meta\": {}, \"items\": [{\"meta\": {}, \"items\": [], \"content\": \"First-Come, First-Served (FCFS): Processes are executed in the order they arrive.\"}, {\"meta\": {}, \"items\": [], \"content\": \"Shortest Job Next (SJN): Prioritizes processes with the shortest burst time.\"}, {\"meta\": {}, \"items\": [], \"content\": \"Round Robin (RR): Allocates fixed time slices to each process.\"}, {\"meta\": {}, \"items\": [], \"content\": \"Priority Scheduling: Executes processes based on assigned priorities.\"}, {\"meta\": {}, \"items\": [], \"content\": \"Multilevel Queue Scheduling: Divides processes into categories and schedules them separately.\"}], \"style\": \"ordered\"}, \"type\": \"list\"}, {\"id\": \"i11u6YQkpE\", \"data\": {\"text\": \"Performance Metrics\", \"level\": 3}, \"type\": \"header\"}, {\"id\": \"MCoT4QL5kV\", \"data\": {\"meta\": {}, \"items\": [{\"meta\": {}, \"items\": [], \"content\": \"Throughput: Number of processes completed per unit time.\"}, {\"meta\": {}, \"items\": [], \"content\": \"Turnaround Time: Total time taken for process execution.\"}, {\"meta\": {}, \"items\": [], \"content\": \"Waiting Time: Time spent waiting in the ready queue.\"}], \"style\": \"unordered\"}, \"type\": \"list\"}, {\"id\": \"rIwBocTlgD\", \"data\": {\"text\": \"Conclusion\", \"level\": 3}, \"type\": \"header\"}, {\"id\": \"n2m3Owz9pH\", \"data\": {\"text\": \"CPU scheduling algorithms balance efficiency and fairness, ensuring optimal resource allocation in multitasking systems.\"}, \"type\": \"paragraph\"}], \"version\": \"2.30.7\"}','2024-12-02 14:17:19.115406','CPU Scheduling: Optimizing Process Execution','2024-12-02 14:17:19.115450',25,8),(67,'{\"time\": 1733123854459, \"blocks\": [{\"id\": \"38jyh0QfCK\", \"data\": {\"text\": \"Introduction\", \"level\": 3}, \"type\": \"header\"}, {\"id\": \"JXKRV3PPv4\", \"data\": {\"text\": \"Inter-Process Communication (IPC) allows processes to exchange information and coordinate their actions. It is essential for systems with multiple processes working collaboratively.\"}, \"type\": \"paragraph\"}, {\"id\": \"Hc0gARIIve\", \"data\": {\"text\": \"Common IPC Mechanisms\", \"level\": 3}, \"type\": \"header\"}, {\"id\": \"AB1-xMb6oY\", \"data\": {\"meta\": {}, \"items\": [{\"meta\": {}, \"items\": [], \"content\": \"Message Passing: Processes communicate by sending and receiving messages.<ul><li data-empty=\\\"false\\\">Examples: Pipes, message queues.</li></ul>\"}, {\"meta\": {}, \"items\": [], \"content\": \"Shared Memory: Processes access a common memory space for data exchange.\"}, {\"meta\": {}, \"items\": [], \"content\": \"Semaphores: Synchronize access to shared resources to prevent conflicts.\"}], \"style\": \"ordered\"}, \"type\": \"list\"}, {\"id\": \"UzyKPXE4Hn\", \"data\": {\"text\": \"Examples\", \"level\": 3}, \"type\": \"header\"}, {\"id\": \"8etILxdAAR\", \"data\": {\"meta\": {}, \"items\": [{\"meta\": {}, \"items\": [], \"content\": \"Client-server models for communication.\"}, {\"meta\": {}, \"items\": [], \"content\": \"Multi-threaded applications requiring data synchronization.\"}], \"style\": \"unordered\"}, \"type\": \"list\"}, {\"id\": \"Hzk3pXwOeg\", \"data\": {\"text\": \"Conclusion\", \"level\": 3}, \"type\": \"header\"}, {\"id\": \"y8czB4b2Ul\", \"data\": {\"text\": \"IPC mechanisms enable efficient collaboration between processes, ensuring smooth execution in distributed systems.\"}, \"type\": \"paragraph\"}], \"version\": \"2.30.7\"}','2024-12-02 14:17:34.491395','Inter-Process Communication (IPC): Enabling Process Collaboration','2024-12-02 14:17:34.491428',25,8),(68,'{\"time\": 1733123872192, \"blocks\": [{\"id\": \"B_ef4HJGU_\", \"data\": {\"text\": \"Introduction\", \"level\": 3}, \"type\": \"header\"}, {\"id\": \"Riv97jBBk3\", \"data\": {\"text\": \"A deadlock occurs when a set of processes is unable to proceed because each process is waiting for a resource held by another. It is a critical issue in process management.\"}, \"type\": \"paragraph\"}, {\"id\": \"KDpR_XNhTa\", \"data\": {\"text\": \"Conditions for Deadlock\", \"level\": 3}, \"type\": \"header\"}, {\"id\": \"N4R5gz9xA_\", \"data\": {\"meta\": {}, \"items\": [{\"meta\": {}, \"items\": [], \"content\": \"Mutual Exclusion: Resources cannot be shared.\"}, {\"meta\": {}, \"items\": [], \"content\": \"Hold and Wait: Processes hold resources while waiting for others.\"}, {\"meta\": {}, \"items\": [], \"content\": \"No Preemption: Resources cannot be forcibly removed.\"}, {\"meta\": {}, \"items\": [], \"content\": \"Circular Wait: Processes form a circular chain of dependencies.\"}], \"style\": \"ordered\"}, \"type\": \"list\"}, {\"id\": \"OMXXSlN61P\", \"data\": {\"text\": \"Deadlock Prevention Techniques\", \"level\": 3}, \"type\": \"header\"}, {\"id\": \"9gWHUnyWfU\", \"data\": {\"meta\": {}, \"items\": [{\"meta\": {}, \"items\": [], \"content\": \"Avoid mutual exclusion where possible.\"}, {\"meta\": {}, \"items\": [], \"content\": \"Use resource allocation policies to prevent hold and wait.\"}, {\"meta\": {}, \"items\": [], \"content\": \"Apply deadlock detection and recovery algorithms.\"}], \"style\": \"unordered\"}, \"type\": \"list\"}, {\"id\": \"lv5UBXg67w\", \"data\": {\"text\": \"Conclusion\", \"level\": 3}, \"type\": \"header\"}, {\"id\": \"1c58dlBbcX\", \"data\": {\"text\": \"Understanding and managing deadlocks is crucial for building reliable operating systems that prevent resource contention.\"}, \"type\": \"paragraph\"}], \"version\": \"2.30.7\"}','2024-12-02 14:17:52.225085','Deadlock in Operating Systems: Causes and Solutions','2024-12-02 14:17:52.225116',25,8),(69,'{\"time\": 1733123887944, \"blocks\": [{\"id\": \"Qef0COd6S2\", \"data\": {\"text\": \"Introduction\", \"level\": 3}, \"type\": \"header\"}, {\"id\": \"WgI-pi4Ho1\", \"data\": {\"text\": \"Multithreading allows multiple threads within a process to execute simultaneously, leveraging modern multi-core CPUs for improved performance.\"}, \"type\": \"paragraph\"}, {\"id\": \"cziajtRodz\", \"data\": {\"text\": \"Types of Multithreading\", \"level\": 3}, \"type\": \"header\"}, {\"id\": \"ueEvSZW-0f\", \"data\": {\"meta\": {}, \"items\": [{\"meta\": {}, \"items\": [], \"content\": \"User-Level Threads: Managed by user libraries.\"}, {\"meta\": {}, \"items\": [], \"content\": \"Kernel-Level Threads: Managed directly by the operating system.\"}], \"style\": \"ordered\"}, \"type\": \"list\"}, {\"id\": \"v58qUQTNKQ\", \"data\": {\"text\": \"Advantages of Multithreading\", \"level\": 3}, \"type\": \"header\"}, {\"id\": \"cWCh_m5Zsw\", \"data\": {\"meta\": {}, \"items\": [{\"meta\": {}, \"items\": [], \"content\": \"Increased responsiveness in applications.\"}, {\"meta\": {}, \"items\": [], \"content\": \"Efficient resource sharing within a process.\"}, {\"meta\": {}, \"items\": [], \"content\": \"Improved performance on multi-core systems.\"}], \"style\": \"unordered\"}, \"type\": \"list\"}, {\"id\": \"vkNDcNK_SK\", \"data\": {\"text\": \"Challenges\", \"level\": 3}, \"type\": \"header\"}, {\"id\": \"wurbq1Wbi7\", \"data\": {\"meta\": {}, \"items\": [{\"meta\": {}, \"items\": [], \"content\": \"Synchronization issues (e.g., race conditions).\"}, {\"meta\": {}, \"items\": [], \"content\": \"Overhead of thread management.\"}], \"style\": \"unordered\"}, \"type\": \"list\"}, {\"id\": \"Jl-PPYuQs3\", \"data\": {\"text\": \"Conclusion\", \"level\": 3}, \"type\": \"header\"}, {\"id\": \"ZaK7uMakF1\", \"data\": {\"text\": \"Multithreading enhances the performance of applications by enabling parallel execution and better resource utilization.\"}, \"type\": \"paragraph\"}], \"version\": \"2.30.7\"}','2024-12-02 14:18:07.976682','Multithreading: Maximizing System Efficiency','2024-12-02 14:18:07.976742',25,8),(70,'{\"time\": 1733123920694, \"blocks\": [{\"id\": \"mdeTmED_s9\", \"data\": {\"text\": \"Introduction\", \"level\": 3}, \"type\": \"header\"}, {\"id\": \"cUZnWeeymv\", \"data\": {\"text\": \"Memory management is the process of allocating memory to processes and reclaiming it when no longer needed. It ensures optimal utilization of memory resources.\"}, \"type\": \"paragraph\"}, {\"id\": \"mhkvFk3NHc\", \"data\": {\"text\": \"Key Functions\", \"level\": 3}, \"type\": \"header\"}, {\"id\": \"HkBLsb81xH\", \"data\": {\"meta\": {}, \"items\": [{\"meta\": {}, \"items\": [], \"content\": \"Allocation: Assigns memory to processes dynamically.\"}, {\"meta\": {}, \"items\": [], \"content\": \"Deallocation: Reclaims memory after processes finish execution.\"}, {\"meta\": {}, \"items\": [], \"content\": \"Protection: Prevents processes from accessing unauthorized memory.\"}], \"style\": \"ordered\"}, \"type\": \"list\"}, {\"id\": \"T7hL2vSByZ\", \"data\": {\"text\": \"Types of Memory\", \"level\": 3}, \"type\": \"header\"}, {\"id\": \"2dYxdrkMcf\", \"data\": {\"meta\": {}, \"items\": [{\"meta\": {}, \"items\": [], \"content\": \"Primary Memory: RAM, where active processes reside.\"}, {\"meta\": {}, \"items\": [], \"content\": \"Secondary Memory: Disk storage for inactive processes.\"}], \"style\": \"unordered\"}, \"type\": \"list\"}, {\"id\": \"Nv-Ck2WlY8\", \"data\": {\"text\": \"Conclusion\", \"level\": 3}, \"type\": \"header\"}, {\"id\": \"f6YeCly-ah\", \"data\": {\"text\": \"Efficient memory management is vital for ensuring system stability and performance, especially in multitasking environments.\"}, \"type\": \"paragraph\"}], \"version\": \"2.30.7\"}','2024-12-02 14:18:40.723315','Introduction to Memory Management','2024-12-02 14:18:40.723351',26,8),(71,'{\"time\": 1733123936182, \"blocks\": [{\"id\": \"c-QTPwotlx\", \"data\": {\"text\": \"Introduction\", \"level\": 3}, \"type\": \"header\"}, {\"id\": \"OmqKu_gfwa\", \"data\": {\"text\": \"Paging is a memory management scheme that eliminates the need for contiguous allocation. It divides memory into fixed-size pages, simplifying allocation and preventing fragmentation.\"}, \"type\": \"paragraph\"}, {\"id\": \"mRB8OjQoFk\", \"data\": {\"text\": \"How Paging Works\", \"level\": 3}, \"type\": \"header\"}, {\"id\": \"FCe3TsIIiK\", \"data\": {\"meta\": {}, \"items\": [{\"meta\": {}, \"items\": [], \"content\": \"Divide the process memory into pages.\"}, {\"meta\": {}, \"items\": [], \"content\": \"Divide physical memory into frames of the same size.\"}, {\"meta\": {}, \"items\": [], \"content\": \"Map pages to frames using a page table.\"}], \"style\": \"ordered\"}, \"type\": \"list\"}, {\"id\": \"gnlDPl_Knm\", \"data\": {\"text\": \"Advantages\", \"level\": 3}, \"type\": \"header\"}, {\"id\": \"LHKG60U7YV\", \"data\": {\"meta\": {}, \"items\": [{\"meta\": {}, \"items\": [], \"content\": \"Eliminates external fragmentation.\"}, {\"meta\": {}, \"items\": [], \"content\": \"Simplifies memory allocation.\"}], \"style\": \"unordered\"}, \"type\": \"list\"}, {\"id\": \"PBYQvn_4Xp\", \"data\": {\"text\": \"Challenges\", \"level\": 3}, \"type\": \"header\"}, {\"id\": \"h6sxdICr3y\", \"data\": {\"meta\": {}, \"items\": [{\"meta\": {}, \"items\": [], \"content\": \"Requires additional memory for page tables.\"}, {\"meta\": {}, \"items\": [], \"content\": \"Slower access due to address translation.\"}], \"style\": \"unordered\"}, \"type\": \"list\"}, {\"id\": \"6ydSDw-1ut\", \"data\": {\"text\": \"Conclusion\", \"level\": 3}, \"type\": \"header\"}, {\"id\": \"SMYQI1Oqv0\", \"data\": {\"text\": \"Paging is a cornerstone of modern memory management, ensuring efficient use of memory resources while avoiding fragmentation.\"}, \"type\": \"paragraph\"}], \"version\": \"2.30.7\"}','2024-12-02 14:18:56.215952','Paging: Simplifying Memory Management','2024-12-02 14:18:56.216001',26,8),(72,'{\"time\": 1733123952301, \"blocks\": [{\"id\": \"8bgbd8NwvM\", \"data\": {\"text\": \"Introduction\", \"level\": 3}, \"type\": \"header\"}, {\"id\": \"Cr7rKFyWiO\", \"data\": {\"text\": \"Virtual memory allows the operating system to use disk space as an extension of RAM, enabling the execution of larger programs than the physical memory can accommodate.\"}, \"type\": \"paragraph\"}, {\"id\": \"dqq34cPH-4\", \"data\": {\"text\": \"How Virtual Memory Works\", \"level\": 3}, \"type\": \"header\"}, {\"id\": \"6NN8y1vxH7\", \"data\": {\"meta\": {}, \"items\": [{\"meta\": {}, \"items\": [], \"content\": \"Processes are divided into pages stored on disk.\"}, {\"meta\": {}, \"items\": [], \"content\": \"Pages are loaded into RAM as needed (demand paging).\"}, {\"meta\": {}, \"items\": [], \"content\": \"Least recently used pages are swapped out to make space for new ones.\"}], \"style\": \"ordered\"}, \"type\": \"list\"}, {\"id\": \"fCnaZ7wOZo\", \"data\": {\"text\": \"Benefits\", \"level\": 3}, \"type\": \"header\"}, {\"id\": \"NKGncbYolc\", \"data\": {\"meta\": {}, \"items\": [{\"meta\": {}, \"items\": [], \"content\": \"Allows multitasking with limited RAM.\"}, {\"meta\": {}, \"items\": [], \"content\": \"Simplifies memory allocation for applications.\"}], \"style\": \"unordered\"}, \"type\": \"list\"}, {\"id\": \"nXJP4beEMM\", \"data\": {\"text\": \"Challenges\", \"level\": 3}, \"type\": \"header\"}, {\"id\": \"q7YSVBNj3s\", \"data\": {\"meta\": {}, \"items\": [{\"meta\": {}, \"items\": [], \"content\": \"Slower performance due to disk I/O.\"}, {\"meta\": {}, \"items\": [], \"content\": \"Requires careful management to avoid thrashing.\"}], \"style\": \"unordered\"}, \"type\": \"list\"}, {\"id\": \"p1CKsm6cQJ\", \"data\": {\"text\": \"Conclusion\", \"level\": 3}, \"type\": \"header\"}, {\"id\": \"irObcKax5C\", \"data\": {\"text\": \"Virtual memory enables efficient multitasking and resource management, making it a fundamental feature of modern operating systems.\"}, \"type\": \"paragraph\"}], \"version\": \"2.30.7\"}','2024-12-02 14:19:12.343239','Virtual Memory: Extending Physical Memory','2024-12-02 14:19:12.343288',26,8),(73,'{\"time\": 1733123970340, \"blocks\": [{\"id\": \"-mbMwbdKt7\", \"data\": {\"text\": \"Introduction\", \"level\": 3}, \"type\": \"header\"}, {\"id\": \"wjKOtEo0zH\", \"data\": {\"text\": \"Segmentation divides memory into variable-sized segments based on logical divisions like code, data, and stack, offering a more natural organization than paging.\"}, \"type\": \"paragraph\"}, {\"id\": \"_Chlxf20az\", \"data\": {\"text\": \"How Segmentation Works\", \"level\": 3}, \"type\": \"header\"}, {\"id\": \"ATX8DXH3Ri\", \"data\": {\"meta\": {}, \"items\": [{\"meta\": {}, \"items\": [], \"content\": \"Each process is divided into segments corresponding to logical components.\"}, {\"meta\": {}, \"items\": [], \"content\": \"Segments are mapped to physical memory using segment tables.\"}], \"style\": \"ordered\"}, \"type\": \"list\"}, {\"id\": \"PSIdReb_XI\", \"data\": {\"text\": \"Advantages\", \"level\": 3}, \"type\": \"header\"}, {\"id\": \"SlhWEDlENo\", \"data\": {\"meta\": {}, \"items\": [{\"meta\": {}, \"items\": [], \"content\": \"Provides logical organization of memory.\"}, {\"meta\": {}, \"items\": [], \"content\": \"Allows easier sharing and protection of segments.\"}], \"style\": \"unordered\"}, \"type\": \"list\"}, {\"id\": \"eMV5EfNXhi\", \"data\": {\"text\": \"Challenges\", \"level\": 3}, \"type\": \"header\"}, {\"id\": \"eUCW8ylmYq\", \"data\": {\"meta\": {}, \"items\": [{\"meta\": {}, \"items\": [], \"content\": \"External fragmentation.\"}, {\"meta\": {}, \"items\": [], \"content\": \"Complex memory allocation.\"}], \"style\": \"unordered\"}, \"type\": \"list\"}, {\"id\": \"QH92M65LSs\", \"data\": {\"text\": \"Conclusion\", \"level\": 3}, \"type\": \"header\"}, {\"id\": \"zZ6f0CkitN\", \"data\": {\"text\": \"Segmentation offers a logical and flexible approach to memory management, especially for systems requiring modular memory organization.\"}, \"type\": \"paragraph\"}], \"version\": \"2.30.7\"}','2024-12-02 14:19:30.378466','Segmentation: Logical Memory Management','2024-12-02 14:19:30.378519',26,8),(74,'{\"time\": 1733123986292, \"blocks\": [{\"id\": \"nJk94jt99v\", \"data\": {\"text\": \"Introduction\", \"level\": 3}, \"type\": \"header\"}, {\"id\": \"_DzaqHQwxV\", \"data\": {\"text\": \"Memory allocation strategies determine how memory is assigned to processes, balancing efficiency and fragmentation.\"}, \"type\": \"paragraph\"}, {\"id\": \"eagmKQ-KcZ\", \"data\": {\"text\": \"Common Strategies\", \"level\": 3}, \"type\": \"header\"}, {\"id\": \"Oni_c1fjs_\", \"data\": {\"meta\": {}, \"items\": [{\"meta\": {}, \"items\": [], \"content\": \"First Fit: Allocates the first available block that fits the process.<ul><li data-empty=\\\"false\\\">Fast but may lead to fragmentation.</li></ul>\"}, {\"meta\": {}, \"items\": [], \"content\": \"Best Fit: Allocates the smallest block that fits the process.<ul><li data-empty=\\\"false\\\">Minimizes wasted space but may increase search time.</li></ul>\"}, {\"meta\": {}, \"items\": [], \"content\": \"Worst Fit: Allocates the largest block available.<ul><li data-empty=\\\"false\\\">Leaves larger free blocks but may increase fragmentation.</li></ul>\"}], \"style\": \"ordered\"}, \"type\": \"list\"}, {\"id\": \"EQ0yGDaX1s\", \"data\": {\"text\": \"Choosing the Right Strategy\", \"level\": 3}, \"type\": \"header\"}, {\"id\": \"5zjo4a64z2\", \"data\": {\"meta\": {}, \"items\": [{\"meta\": {}, \"items\": [], \"content\": \"First Fit is suitable for dynamic systems.\"}, {\"meta\": {}, \"items\": [], \"content\": \"Best Fit works well for small, frequent allocations.\"}, {\"meta\": {}, \"items\": [], \"content\": \"Worst Fit is rarely used but helpful for specific scenarios.\"}], \"style\": \"unordered\"}, \"type\": \"list\"}, {\"id\": \"RlpsbRPZKc\", \"data\": {\"text\": \"Conclusion\", \"level\": 3}, \"type\": \"header\"}, {\"id\": \"pedjDDGkM6\", \"data\": {\"text\": \"Choosing the right memory allocation strategy depends on the system\'s workload and performance requirements.\"}, \"type\": \"paragraph\"}], \"version\": \"2.30.7\"}','2024-12-02 14:19:46.329788','Memory Allocation Strategies: Best Fit, Worst Fit, and First Fit','2024-12-02 14:19:46.330334',26,8),(75,'{\"time\": 1733124110926, \"blocks\": [{\"id\": \"eSDf_8HC7L\", \"data\": {\"text\": \"Introduction\", \"level\": 3}, \"type\": \"header\"}, {\"id\": \"7JbA0IXwUV\", \"data\": {\"text\": \"Computer Graphics is the art and science of generating images and visual effects using computers. It forms the foundation of industries like gaming, animation, and virtual reality.\"}, \"type\": \"paragraph\"}, {\"id\": \"EvYjQNl7Q8\", \"data\": {\"text\": \"Key Concepts in Computer Graphics\", \"level\": 3}, \"type\": \"header\"}, {\"id\": \"dO8OVzwViM\", \"data\": {\"meta\": {}, \"items\": [{\"meta\": {}, \"items\": [], \"content\": \"Pixels: The smallest unit of a digital image.\"}, {\"meta\": {}, \"items\": [], \"content\": \"Coordinate Systems: Define the positioning of objects in 2D and 3D space.\"}, {\"meta\": {}, \"items\": [], \"content\": \"Rendering: The process of generating an image from a model.\"}], \"style\": \"ordered\"}, \"type\": \"list\"}, {\"id\": \"zp19keJNzW\", \"data\": {\"text\": \"Applications\", \"level\": 3}, \"type\": \"header\"}, {\"id\": \"SuDd80Bf1K\", \"data\": {\"meta\": {}, \"items\": [{\"meta\": {}, \"items\": [], \"content\": \"Entertainment: Animation and video games.\"}, {\"meta\": {}, \"items\": [], \"content\": \"Education: Visualizing scientific phenomena.\"}, {\"meta\": {}, \"items\": [], \"content\": \"Architecture: Creating 3D models of structures.\"}], \"style\": \"unordered\"}, \"type\": \"list\"}, {\"id\": \"_iTOM9tI53\", \"data\": {\"text\": \"Conclusion\", \"level\": 3}, \"type\": \"header\"}, {\"id\": \"qIMHT6Eu5s\", \"data\": {\"text\": \"Computer Graphics combines creativity and technology, enabling the development of visual content for a wide range of industries.\"}, \"type\": \"paragraph\"}], \"version\": \"2.30.7\"}','2024-12-02 14:21:50.946784','Introduction to Computer Graphics: Concepts and Applications','2024-12-02 14:21:50.946809',27,9),(76,'{\"time\": 1733124128186, \"blocks\": [{\"id\": \"Te0SjZCzNf\", \"data\": {\"text\": \"Introduction\", \"level\": 3}, \"type\": \"header\"}, {\"id\": \"Fw6asGrfRE\", \"data\": {\"text\": \"2D Graphics focuses on creating and manipulating flat, two-dimensional images. It includes operations like drawing shapes, scaling, and rotating.\"}, \"type\": \"paragraph\"}, {\"id\": \"qOjwFfAHSf\", \"data\": {\"text\": \"Key Operations in 2D Graphics\", \"level\": 3}, \"type\": \"header\"}, {\"id\": \"aYbLhzNr9E\", \"data\": {\"meta\": {}, \"items\": [{\"meta\": {}, \"items\": [], \"content\": \"Drawing Primitives: Lines, circles, rectangles, and polygons.\"}, {\"meta\": {}, \"items\": [], \"content\": \"Transformations:<ul><li data-empty=\\\"false\\\">Translation: Moving objects in 2D space.</li><li data-empty=\\\"false\\\">Rotation: Rotating objects around a pivot point.</li><li data-empty=\\\"false\\\">Scaling: Resizing objects proportionally.</li></ul>\"}], \"style\": \"ordered\"}, \"type\": \"list\"}, {\"id\": \"sk9BDiwzo0\", \"data\": {\"text\": \"Coordinate Systems\", \"level\": 3}, \"type\": \"header\"}, {\"id\": \"L25Ifix6qv\", \"data\": {\"meta\": {}, \"items\": [{\"meta\": {}, \"items\": [], \"content\": \"Screen Coordinates: Define positions relative to the screen.\"}, {\"meta\": {}, \"items\": [], \"content\": \"World Coordinates: Define positions in the application\'s environment.\"}], \"style\": \"unordered\"}, \"type\": \"list\"}, {\"id\": \"SOY3MMJ7u3\", \"data\": {\"text\": \"Applications\", \"level\": 3}, \"type\": \"header\"}, {\"id\": \"npHDottreK\", \"data\": {\"meta\": {}, \"items\": [{\"meta\": {}, \"items\": [], \"content\": \"Designing user interfaces.\"}, {\"meta\": {}, \"items\": [], \"content\": \"Creating 2D animations.\"}, {\"meta\": {}, \"items\": [], \"content\": \"Rendering maps and graphs.\"}], \"style\": \"unordered\"}, \"type\": \"list\"}, {\"id\": \"8kKs1CH8XQ\", \"data\": {\"text\": \"Conclusion\", \"level\": 3}, \"type\": \"header\"}, {\"id\": \"ZUD62SPEUP\", \"data\": {\"text\": \"Mastering 2D Graphics is essential for developing applications like games, visualizations, and interactive interfaces.\"}, \"type\": \"paragraph\"}], \"version\": \"2.30.7\"}','2024-12-02 14:22:08.202012','2D Graphics: Drawing and Transformations','2024-12-02 14:22:08.202027',27,9),(77,'{\"time\": 1733124148022, \"blocks\": [{\"id\": \"JJxfFvv0kc\", \"data\": {\"text\": \"Introduction\", \"level\": 3}, \"type\": \"header\"}, {\"id\": \"cEjfzZNtVC\", \"data\": {\"text\": \"3D Graphics adds depth to visualizations, enabling the creation of realistic objects and scenes. It is widely used in gaming, animation, and virtual reality.\"}, \"type\": \"paragraph\"}, {\"id\": \"6rd_lTg6Uo\", \"data\": {\"text\": \"Key Components of 3D Graphics\", \"level\": 3}, \"type\": \"header\"}, {\"id\": \"gPdOtjrLnk\", \"data\": {\"meta\": {}, \"items\": [{\"meta\": {}, \"items\": [], \"content\": \"Modeling: Creating 3D objects using polygons or mathematical equations.\"}, {\"meta\": {}, \"items\": [], \"content\": \"Lighting: Simulating light sources for realism.\"}, {\"meta\": {}, \"items\": [], \"content\": \"Rendering: Converting 3D models into 2D images using techniques like ray tracing or rasterization.\"}], \"style\": \"ordered\"}, \"type\": \"list\"}, {\"id\": \"VRPdNshsug\", \"data\": {\"text\": \"Common Techniques\", \"level\": 3}, \"type\": \"header\"}, {\"id\": \"2BFxCz_QNy\", \"data\": {\"meta\": {}, \"items\": [{\"meta\": {}, \"items\": [], \"content\": \"Shading: Determines how light interacts with surfaces (e.g., flat, Gouraud, Phong).\"}, {\"meta\": {}, \"items\": [], \"content\": \"Texturing: Applies images to surfaces for added detail.\"}], \"style\": \"unordered\"}, \"type\": \"list\"}, {\"id\": \"ErBDcbe7KZ\", \"data\": {\"text\": \"Applications\", \"level\": 3}, \"type\": \"header\"}, {\"id\": \"GO0qhL__ex\", \"data\": {\"meta\": {}, \"items\": [{\"meta\": {}, \"items\": [], \"content\": \"Building realistic video game environments.\"}, {\"meta\": {}, \"items\": [], \"content\": \"Creating 3D architectural models.\"}, {\"meta\": {}, \"items\": [], \"content\": \"Simulating real-world scenarios in VR.\"}], \"style\": \"unordered\"}, \"type\": \"list\"}, {\"id\": \"LupRwmPf73\", \"data\": {\"text\": \"Conclusion\", \"level\": 3}, \"type\": \"header\"}, {\"id\": \"aHeR-E_cDg\", \"data\": {\"text\": \"3D Graphics bridges the gap between imagination and reality, allowing developers to create immersive and realistic experiences.\"}, \"type\": \"paragraph\"}], \"version\": \"2.30.7\"}','2024-12-02 14:22:28.052802','3D Graphics: Modeling and Rendering','2024-12-02 14:22:28.052824',27,9),(78,'{\"time\": 1733124166099, \"blocks\": [{\"id\": \"E1qiF5ll6J\", \"data\": {\"text\": \"Introduction\", \"level\": 3}, \"type\": \"header\"}, {\"id\": \"lblXGKlM6C\", \"data\": {\"text\": \"Rendering is the final step in the graphics pipeline, converting 3D models into 2D images. Two popular techniques are rasterization and ray tracing.\"}, \"type\": \"paragraph\"}, {\"id\": \"hahbNPCWSP\", \"data\": {\"text\": \"Rasterization\", \"level\": 3}, \"type\": \"header\"}, {\"id\": \"lC2wm6vl5f\", \"data\": {\"meta\": {}, \"items\": [{\"meta\": {}, \"items\": [], \"content\": \"Projects 3D objects onto a 2D plane pixel by pixel.\"}, {\"meta\": {}, \"items\": [], \"content\": \"Advantages: Fast and efficient, suitable for real-time applications.\"}, {\"meta\": {}, \"items\": [], \"content\": \"Applications: Video games, interactive simulations.\"}], \"style\": \"unordered\"}, \"type\": \"list\"}, {\"id\": \"sgXGkbL3Py\", \"data\": {\"text\": \"Ray Tracing\", \"level\": 3}, \"type\": \"header\"}, {\"id\": \"yTWTyUyBaV\", \"data\": {\"meta\": {}, \"items\": [{\"meta\": {}, \"items\": [], \"content\": \"Simulates the path of light rays to generate highly realistic images.\"}, {\"meta\": {}, \"items\": [], \"content\": \"Advantages: Superior realism with reflections, shadows, and refractions.\"}, {\"meta\": {}, \"items\": [], \"content\": \"Applications: Movie production, photorealistic rendering.\"}], \"style\": \"unordered\"}, \"type\": \"list\"}, {\"id\": \"5ydBlmdASs\", \"data\": {\"text\": \"Comparison Table\", \"level\": 3}, \"type\": \"header\"}, {\"id\": \"cdlAjWy8gp\", \"data\": {\"text\": \"FeatureRasterizationRay TracingSpeedFastSlowerRealismModerateHighUse CasesGamingCinematic Rendering\"}, \"type\": \"paragraph\"}, {\"id\": \"IgaaER5cLv\", \"data\": {\"text\": \"Conclusion\", \"level\": 3}, \"type\": \"header\"}, {\"id\": \"1MYQFalLzU\", \"data\": {\"text\": \"Choosing the right rendering technique depends on the application’s needs for speed versus realism.\"}, \"type\": \"paragraph\"}], \"version\": \"2.30.7\"}','2024-12-02 14:22:46.115217','Understanding Rendering Techniques: Rasterization vs. Ray Tracing','2024-12-02 14:22:46.115233',27,9),(79,'{\"time\": 1733124181635, \"blocks\": [{\"id\": \"7x9OgRTGRp\", \"data\": {\"text\": \"Introduction\", \"level\": 3}, \"type\": \"header\"}, {\"id\": \"BUad5FQmrH\", \"data\": {\"text\": \"Shaders are small programs that run on the GPU to control the rendering process, enabling dynamic and realistic visual effects in graphics applications.\"}, \"type\": \"paragraph\"}, {\"id\": \"UGI0-UZ7PB\", \"data\": {\"text\": \"Types of Shaders\", \"level\": 3}, \"type\": \"header\"}, {\"id\": \"Z2dGO_XLNw\", \"data\": {\"meta\": {}, \"items\": [{\"meta\": {}, \"items\": [], \"content\": \"Vertex Shaders: Transform 3D vertices into 2D coordinates.\"}, {\"meta\": {}, \"items\": [], \"content\": \"Fragment Shaders: Determine the color and texture of pixels.\"}, {\"meta\": {}, \"items\": [], \"content\": \"Geometry Shaders: Generate new geometry dynamically.\"}], \"style\": \"ordered\"}, \"type\": \"list\"}, {\"id\": \"r6b32xQXjf\", \"data\": {\"text\": \"Applications of Shaders\", \"level\": 3}, \"type\": \"header\"}, {\"id\": \"JfkYOr5eTn\", \"data\": {\"meta\": {}, \"items\": [{\"meta\": {}, \"items\": [], \"content\": \"Simulating realistic water and lighting effects.\"}, {\"meta\": {}, \"items\": [], \"content\": \"Adding dynamic shadows and reflections.\"}, {\"meta\": {}, \"items\": [], \"content\": \"Creating unique visual styles in games.\"}], \"style\": \"unordered\"}, \"type\": \"list\"}, {\"id\": \"zcImdjjqow\", \"data\": {\"text\": \"Tools for Writing Shaders\", \"level\": 3}, \"type\": \"header\"}, {\"id\": \"xZkN4LRrko\", \"data\": {\"meta\": {}, \"items\": [{\"meta\": {}, \"items\": [], \"content\": \"OpenGL GLSL: A shading language for OpenGL.\"}, {\"meta\": {}, \"items\": [], \"content\": \"HLSL: Microsoft\'s shading language for DirectX.\"}, {\"meta\": {}, \"items\": [], \"content\": \"Unity ShaderLab: A framework for writing shaders in Unity.\"}], \"style\": \"unordered\"}, \"type\": \"list\"}, {\"id\": \"G-aG-oUfW2\", \"data\": {\"text\": \"Conclusion\", \"level\": 3}, \"type\": \"header\"}, {\"id\": \"QtK3f-DpHF\", \"data\": {\"text\": \"Shaders provide the flexibility and power needed to create visually stunning graphics, making them a key tool for developers.\"}, \"type\": \"paragraph\"}], \"version\": \"2.30.7\"}','2024-12-02 14:23:01.687086','Introduction to Shaders: Enhancing Visual Effects','2024-12-02 14:23:01.687110',27,9),(80,'{\"time\": 1733124212978, \"blocks\": [{\"id\": \"suJdzKTRIW\", \"data\": {\"text\": \"Introduction\", \"level\": 3}, \"type\": \"header\"}, {\"id\": \"sa8XcUCcEH\", \"data\": {\"text\": \"Computer Vision empowers machines to \\\"see\\\" and process images and videos, enabling a wide range of real-world applications.\"}, \"type\": \"paragraph\"}, {\"id\": \"qEnv_liuAJ\", \"data\": {\"text\": \"Key Concepts\", \"level\": 3}, \"type\": \"header\"}, {\"id\": \"2vu9o5CR_s\", \"data\": {\"meta\": {}, \"items\": [{\"meta\": {}, \"items\": [], \"content\": \"Image Processing: Enhances image quality and extracts features.\"}, {\"meta\": {}, \"items\": [], \"content\": \"Object Detection: Identifies and localizes objects in images.\"}, {\"meta\": {}, \"items\": [], \"content\": \"Image Segmentation: Divides images into meaningful regions.\"}], \"style\": \"ordered\"}, \"type\": \"list\"}, {\"id\": \"v59jtcKv19\", \"data\": {\"text\": \"Applications\", \"level\": 3}, \"type\": \"header\"}, {\"id\": \"KHwIlIDQe7\", \"data\": {\"meta\": {}, \"items\": [{\"meta\": {}, \"items\": [], \"content\": \"Healthcare: Analyzing medical images.\"}, {\"meta\": {}, \"items\": [], \"content\": \"Autonomous Vehicles: Detecting pedestrians and road signs.\"}, {\"meta\": {}, \"items\": [], \"content\": \"Retail: Enhancing customer experiences through AR.\"}], \"style\": \"unordered\"}, \"type\": \"list\"}, {\"id\": \"PApiNWwtoU\", \"data\": {\"text\": \"Conclusion\", \"level\": 3}, \"type\": \"header\"}, {\"id\": \"UpiOJDSga3\", \"data\": {\"text\": \"Computer Vision transforms how machines interact with the world, driving innovation across industries.\"}, \"type\": \"paragraph\"}], \"version\": \"2.30.7\"}','2024-12-02 14:23:33.010839','Introduction to Computer Vision: Concepts and Applications','2024-12-02 14:23:33.010862',28,9),(81,'{\"time\": 1733124229930, \"blocks\": [{\"id\": \"Vs4VwWawq1\", \"data\": {\"text\": \"Introduction\", \"level\": 3}, \"type\": \"header\"}, {\"id\": \"j8hg7sMHmm\", \"data\": {\"text\": \"Convolutional Neural Networks (CNNs) are specialized neural networks designed for processing visual data. They are a cornerstone of modern computer vision.\"}, \"type\": \"paragraph\"}, {\"id\": \"RtnitsoION\", \"data\": {\"text\": \"Key Components of CNNs\", \"level\": 3}, \"type\": \"header\"}, {\"id\": \"xdp5Ll9rT3\", \"data\": {\"meta\": {}, \"items\": [{\"meta\": {}, \"items\": [], \"content\": \"Convolutional Layers: Extract features using filters.\"}, {\"meta\": {}, \"items\": [], \"content\": \"Pooling Layers: Reduce spatial dimensions for computational efficiency.\"}, {\"meta\": {}, \"items\": [], \"content\": \"Fully Connected Layers: Perform classification based on extracted features.\"}], \"style\": \"ordered\"}, \"type\": \"list\"}, {\"id\": \"cTxkGFOq0K\", \"data\": {\"text\": \"Applications\", \"level\": 3}, \"type\": \"header\"}, {\"id\": \"-Ge-9dBX-n\", \"data\": {\"meta\": {}, \"items\": [{\"meta\": {}, \"items\": [], \"content\": \"Image classification (e.g., cat vs. dog).\"}, {\"meta\": {}, \"items\": [], \"content\": \"Object detection (e.g., YOLO, Faster R-CNN).\"}, {\"meta\": {}, \"items\": [], \"content\": \"Image generation (e.g., GANs).\"}], \"style\": \"unordered\"}, \"type\": \"list\"}, {\"id\": \"5Br-UrDtYp\", \"data\": {\"text\": \"Conclusion\", \"level\": 3}, \"type\": \"header\"}, {\"id\": \"ICbeaSUbF3\", \"data\": {\"text\": \"CNNs enable machines to process and understand visual data effectively, forming the backbone of cutting-edge computer vision applications.\"}, \"type\": \"paragraph\"}], \"version\": \"2.30.7\"}','2024-12-02 14:23:49.947458','Understanding Convolutional Neural Networks (CNNs)','2024-12-02 14:23:49.947471',28,9),(82,'{\"time\": 1733124243858, \"blocks\": [{\"id\": \"FOzliHF6xQ\", \"data\": {\"text\": \"Introduction\", \"level\": 3}, \"type\": \"header\"}, {\"id\": \"06vkEoyUPW\", \"data\": {\"text\": \"Image segmentation is the process of dividing an image into regions or segments to isolate objects or areas of interest.\"}, \"type\": \"paragraph\"}, {\"id\": \"wvrymxU3nk\", \"data\": {\"text\": \"Types of Segmentation\", \"level\": 3}, \"type\": \"header\"}, {\"id\": \"aanz90dsXb\", \"data\": {\"meta\": {}, \"items\": [{\"meta\": {}, \"items\": [], \"content\": \"Semantic Segmentation: Groups pixels based on object categories.\"}, {\"meta\": {}, \"items\": [], \"content\": \"Instance Segmentation: Identifies individual instances of objects.\"}, {\"meta\": {}, \"items\": [], \"content\": \"Panoptic Segmentation: Combines semantic and instance segmentation.\"}], \"style\": \"ordered\"}, \"type\": \"list\"}, {\"id\": \"SZfCTx_5G5\", \"data\": {\"text\": \"Applications\", \"level\": 3}, \"type\": \"header\"}, {\"id\": \"lLk4U0T693\", \"data\": {\"meta\": {}, \"items\": [{\"meta\": {}, \"items\": [], \"content\": \"Medical imaging: Tumor detection.\"}, {\"meta\": {}, \"items\": [], \"content\": \"Autonomous vehicles: Identifying lanes and obstacles.\"}, {\"meta\": {}, \"items\": [], \"content\": \"Agriculture: Monitoring crop health.\"}], \"style\": \"unordered\"}, \"type\": \"list\"}, {\"id\": \"EoPXFap3qA\", \"data\": {\"text\": \"Conclusion\", \"level\": 3}, \"type\": \"header\"}, {\"id\": \"Tu7wcYuvc6\", \"data\": {\"text\": \"Image segmentation enhances the machine’s ability to understand and interact with the visual world, unlocking countless applications.\"}, \"type\": \"paragraph\"}], \"version\": \"2.30.7\"}','2024-12-02 14:24:03.877768','Image Segmentation: Dividing the Visual World','2024-12-02 14:24:03.877783',28,9),(83,'{\"time\": 1733124260737, \"blocks\": [{\"id\": \"TTQ_LtRUoB\", \"data\": {\"text\": \"Introduction\", \"level\": 3}, \"type\": \"header\"}, {\"id\": \"aBzwhrC937\", \"data\": {\"text\": \"Facial recognition systems identify and verify individuals based on facial features. They are widely used in security, authentication, and entertainment.\"}, \"type\": \"paragraph\"}, {\"id\": \"oe8AaQ2Z8-\", \"data\": {\"text\": \"How Facial Recognition Works\", \"level\": 3}, \"type\": \"header\"}, {\"id\": \"cjAk1e9k07\", \"data\": {\"meta\": {}, \"items\": [{\"meta\": {}, \"items\": [], \"content\": \"Detection: Locating faces in images or videos.\"}, {\"meta\": {}, \"items\": [], \"content\": \"Feature Extraction: Identifying unique facial landmarks.\"}, {\"meta\": {}, \"items\": [], \"content\": \"Matching: Comparing extracted features against a database.\"}], \"style\": \"ordered\"}, \"type\": \"list\"}, {\"id\": \"iEvcrWmMSH\", \"data\": {\"text\": \"Challenges\", \"level\": 3}, \"type\": \"header\"}, {\"id\": \"7ABwtzE9l2\", \"data\": {\"meta\": {}, \"items\": [{\"meta\": {}, \"items\": [], \"content\": \"Variations in lighting, angle, and facial expressions.\"}, {\"meta\": {}, \"items\": [], \"content\": \"Concerns about privacy and ethics.\"}], \"style\": \"unordered\"}, \"type\": \"list\"}, {\"id\": \"zxHWObeQ-x\", \"data\": {\"text\": \"Applications\", \"level\": 3}, \"type\": \"header\"}, {\"id\": \"ulGOE-aOtD\", \"data\": {\"meta\": {}, \"items\": [{\"meta\": {}, \"items\": [], \"content\": \"Secure access control systems.\"}, {\"meta\": {}, \"items\": [], \"content\": \"Personalized experiences in retail and marketing.\"}], \"style\": \"unordered\"}, \"type\": \"list\"}, {\"id\": \"nrRF3ZMSEZ\", \"data\": {\"text\": \"Conclusion\", \"level\": 3}, \"type\": \"header\"}, {\"id\": \"9Yn4yetsAb\", \"data\": {\"text\": \"Facial recognition is a powerful tool but requires ethical and technical considerations to maximize its benefits.\"}, \"type\": \"paragraph\"}], \"version\": \"2.30.7\"}','2024-12-02 14:24:20.757391','Facial Recognition: Challenges and Innovations','2024-12-02 14:24:20.757410',28,9),(84,'{\"time\": 1733124278506, \"blocks\": [{\"id\": \"3prt-U7UB_\", \"data\": {\"text\": \"Introduction\", \"level\": 3}, \"type\": \"header\"}, {\"id\": \"qR6yC12Ynu\", \"data\": {\"text\": \"Augmented Reality (AR) combines the real world with digital overlays, and computer vision plays a crucial role in interpreting and enhancing the environment.\"}, \"type\": \"paragraph\"}, {\"id\": \"MMivtKpEQD\", \"data\": {\"text\": \"Key Components of AR\", \"level\": 3}, \"type\": \"header\"}, {\"id\": \"CiLx3MZ9p_\", \"data\": {\"meta\": {}, \"items\": [{\"meta\": {}, \"items\": [], \"content\": \"Environment Mapping: Recognizes and tracks surfaces.\"}, {\"meta\": {}, \"items\": [], \"content\": \"Object Recognition: Identifies and interacts with real-world objects.\"}, {\"meta\": {}, \"items\": [], \"content\": \"Rendering: Displays digital overlays seamlessly.\"}], \"style\": \"ordered\"}, \"type\": \"list\"}, {\"id\": \"g9LvJbZXmA\", \"data\": {\"text\": \"Applications\", \"level\": 3}, \"type\": \"header\"}, {\"id\": \"baflGiewVv\", \"data\": {\"meta\": {}, \"items\": [{\"meta\": {}, \"items\": [], \"content\": \"Gaming: Immersive experiences (e.g., Pokémon GO).\"}, {\"meta\": {}, \"items\": [], \"content\": \"Retail: Virtual product try-ons.\"}, {\"meta\": {}, \"items\": [], \"content\": \"Healthcare: Assisting in surgeries with overlaid visuals.\"}], \"style\": \"unordered\"}, \"type\": \"list\"}, {\"id\": \"oScOhryi-X\", \"data\": {\"text\": \"Conclusion\", \"level\": 3}, \"type\": \"header\"}, {\"id\": \"JcoH9pniu9\", \"data\": {\"text\": \"AR and computer vision redefine how we interact with digital content, bridging the gap between the physical and virtual worlds.\"}, \"type\": \"paragraph\"}], \"version\": \"2.30.7\"}','2024-12-02 14:24:38.536983','Augmented Reality and Computer Vision','2024-12-02 14:24:38.537001',28,9);
/*!40000 ALTER TABLE `blogs` ENABLE KEYS */;
UNLOCK TABLES;

--
-- Table structure for table `categories`
--

DROP TABLE IF EXISTS `categories`;
/*!40101 SET @saved_cs_client     = @@character_set_client */;
/*!50503 SET character_set_client = utf8mb4 */;
CREATE TABLE `categories` (
  `id` bigint NOT NULL AUTO_INCREMENT,
  `description` text,
  `title` varchar(100) NOT NULL,
  PRIMARY KEY (`id`)
) ENGINE=InnoDB AUTO_INCREMENT=10 DEFAULT CHARSET=utf8mb4 COLLATE=utf8mb4_0900_ai_ci;
/*!40101 SET character_set_client = @saved_cs_client */;

--
-- Dumping data for table `categories`
--

LOCK TABLES `categories` WRITE;
/*!40000 ALTER TABLE `categories` DISABLE KEYS */;
INSERT INTO `categories` VALUES (1,'Focuses on creating systems that can perform tasks typically requiring human intelligence, such as learning, reasoning, and decision-making. It includes subfields like machine learning, deep learning, and natural language processing. AI is widely applied in autonomous systems, healthcare, and recommendation engines.','Artificial Intelligence'),(2,'Combines statistics, computer science, and domain expertise to extract actionable insights from data. Techniques involve data cleaning, exploratory analysis, visualization, and predictive modeling.','Data Science'),(3,'Focuses on designing, developing, and maintaining software systems using principles like modularity, scalability, and reliability. It covers the entire software development lifecycle (SDLC).','Software Engineering'),(4,'Protects systems and networks from cyber threats by implementing secure protocols, encryption techniques, and risk assessments. Cybersecurity is critical in industries like banking, healthcare, and government.','Cyber Security'),(5,'Studies the principles and protocols for data transfer across devices and systems. It underpins the internet, cloud computing, and wireless technologies like 5G.','Networks and Communication'),(6,'Develops efficient methods to solve computational problems and manage data organization, forming the backbone of software development and computer science.','Algorithms and Data Structures'),(7,'Focuses on managing data using structured systems to ensure integrity, security, and scalability. It involves relational, non-relational, and graph databases.','Database Systems'),(8,'Manages hardware and software resources, providing services like multitasking, memory management, and file systems. Key examples include Windows, Linux, and macOS.','Operating Systems'),(9,'Focuses on creating and processing visual content. Graphics covers rendering techniques, while vision involves interpreting images and videos.','Computer Graphics and Vision');
/*!40000 ALTER TABLE `categories` ENABLE KEYS */;
UNLOCK TABLES;

--
-- Table structure for table `permissions`
--

DROP TABLE IF EXISTS `permissions`;
/*!40101 SET @saved_cs_client     = @@character_set_client */;
/*!50503 SET character_set_client = utf8mb4 */;
CREATE TABLE `permissions` (
  `id` bigint NOT NULL AUTO_INCREMENT,
  `immutable` tinyint(1) NOT NULL DEFAULT '0',
  `name` varchar(255) NOT NULL,
  PRIMARY KEY (`id`),
  UNIQUE KEY `UKpnvtwliis6p05pn6i3ndjrqt2` (`name`)
) ENGINE=InnoDB AUTO_INCREMENT=18 DEFAULT CHARSET=utf8mb4 COLLATE=utf8mb4_0900_ai_ci;
/*!40101 SET character_set_client = @saved_cs_client */;

--
-- Dumping data for table `permissions`
--

LOCK TABLES `permissions` WRITE;
/*!40000 ALTER TABLE `permissions` DISABLE KEYS */;
INSERT INTO `permissions` VALUES (1,1,'ADMINISTRATOR'),(2,1,'VIEW_USER'),(3,1,'CREATE_USER'),(4,1,'UPDATE_USER'),(5,1,'DELETE_USER'),(6,1,'VIEW_BLOG'),(7,1,'CREATE_BLOG'),(8,1,'UPDATE_BLOG'),(9,1,'DELETE_BLOG'),(10,1,'VIEW_CATEGORY'),(11,1,'CREATE_CATEGORY'),(12,1,'UPDATE_CATEGORY'),(13,1,'DELETE_CATEGORY'),(14,1,'VIEW_SERIES'),(15,1,'CREATE_SERIES'),(16,1,'UPDATE_SERIES'),(17,1,'DELETE_SERIES');
/*!40000 ALTER TABLE `permissions` ENABLE KEYS */;
UNLOCK TABLES;

--
-- Table structure for table `role_permissions`
--

DROP TABLE IF EXISTS `role_permissions`;
/*!40101 SET @saved_cs_client     = @@character_set_client */;
/*!50503 SET character_set_client = utf8mb4 */;
CREATE TABLE `role_permissions` (
  `role_id` bigint NOT NULL,
  `permission_id` bigint NOT NULL,
  PRIMARY KEY (`role_id`,`permission_id`),
  KEY `FKegdk29eiy7mdtefy5c7eirr6e` (`permission_id`),
  CONSTRAINT `FKegdk29eiy7mdtefy5c7eirr6e` FOREIGN KEY (`permission_id`) REFERENCES `permissions` (`id`),
  CONSTRAINT `FKn5fotdgk8d1xvo8nav9uv3muc` FOREIGN KEY (`role_id`) REFERENCES `roles` (`id`)
) ENGINE=InnoDB DEFAULT CHARSET=utf8mb4 COLLATE=utf8mb4_0900_ai_ci;
/*!40101 SET character_set_client = @saved_cs_client */;

--
-- Dumping data for table `role_permissions`
--

LOCK TABLES `role_permissions` WRITE;
/*!40000 ALTER TABLE `role_permissions` DISABLE KEYS */;
INSERT INTO `role_permissions` VALUES (1,1),(1,2),(2,2),(1,3),(1,4),(2,4),(1,5),(1,6),(2,6),(1,7),(2,7),(1,8),(2,8),(1,9),(2,9),(1,10),(1,11),(1,12),(1,13),(1,14),(2,14),(1,15),(2,15),(1,16),(2,16),(1,17),(2,17);
/*!40000 ALTER TABLE `role_permissions` ENABLE KEYS */;
UNLOCK TABLES;

--
-- Table structure for table `roles`
--

DROP TABLE IF EXISTS `roles`;
/*!40101 SET @saved_cs_client     = @@character_set_client */;
/*!50503 SET character_set_client = utf8mb4 */;
CREATE TABLE `roles` (
  `id` bigint NOT NULL AUTO_INCREMENT,
  `immutable` tinyint(1) NOT NULL DEFAULT '0',
  `name` varchar(255) NOT NULL,
  PRIMARY KEY (`id`),
  UNIQUE KEY `UKofx66keruapi6vyqpv6f2or37` (`name`)
) ENGINE=InnoDB AUTO_INCREMENT=3 DEFAULT CHARSET=utf8mb4 COLLATE=utf8mb4_0900_ai_ci;
/*!40101 SET character_set_client = @saved_cs_client */;

--
-- Dumping data for table `roles`
--

LOCK TABLES `roles` WRITE;
/*!40000 ALTER TABLE `roles` DISABLE KEYS */;
INSERT INTO `roles` VALUES (1,1,'ADMIN'),(2,1,'USER');
/*!40000 ALTER TABLE `roles` ENABLE KEYS */;
UNLOCK TABLES;

--
-- Table structure for table `series`
--

DROP TABLE IF EXISTS `series`;
/*!40101 SET @saved_cs_client     = @@character_set_client */;
/*!50503 SET character_set_client = utf8mb4 */;
CREATE TABLE `series` (
  `id` bigint NOT NULL AUTO_INCREMENT,
  `created_at` datetime(6) DEFAULT NULL,
  `description` text,
  `title` varchar(100) NOT NULL,
  `updated_at` datetime(6) DEFAULT NULL,
  `author_id` bigint DEFAULT NULL,
  PRIMARY KEY (`id`),
  KEY `FKl1a8bepia7402bf9jqg1bge1j` (`author_id`),
  CONSTRAINT `FKl1a8bepia7402bf9jqg1bge1j` FOREIGN KEY (`author_id`) REFERENCES `users` (`id`) ON DELETE SET NULL
) ENGINE=InnoDB AUTO_INCREMENT=29 DEFAULT CHARSET=utf8mb4 COLLATE=utf8mb4_0900_ai_ci;
/*!40101 SET character_set_client = @saved_cs_client */;

--
-- Dumping data for table `series`
--

LOCK TABLES `series` WRITE;
/*!40000 ALTER TABLE `series` DISABLE KEYS */;
INSERT INTO `series` VALUES (1,'2024-12-02 12:44:02.104254','Deals with processing and analyzing large datasets using tools like Hadoop and Spark to uncover patterns and trends.','Big Data Analytics','2024-12-02 12:44:02.104281',2),(2,'2024-12-02 12:44:24.677948','Focuses on presenting data graphically using libraries like Matplotlib, Tableau, or Power BI to make insights more accessible.','Data Visualization','2024-12-02 12:44:24.677977',2),(3,'2024-12-02 12:44:39.317665','Applies mathematical frameworks to analyze data and test hypotheses, crucial for drawing conclusions in data science.','Statistical Modeling','2024-12-02 12:44:39.317757',2),(4,'2024-12-02 12:44:54.151243','Involves building infrastructure to collect, store, and process large-scale data efficiently using databases, ETL pipelines, and cloud technologies.','Data Engineering','2024-12-02 12:44:54.151273',2),(5,'2024-12-02 13:03:54.727293','Studies algorithms that allow computers to learn and make predictions based on data. Popular techniques include supervised learning, unsupervised learning, and reinforcement learning.','Machine Learning (ML)','2024-12-02 13:03:54.727323',3),(6,'2024-12-02 13:04:08.533590','A subset of ML that uses neural networks with many layers to model complex data patterns, often applied in image recognition and language translation.','Deep Learning','2024-12-02 13:04:08.533610',3),(7,'2024-12-02 13:04:25.895506','Enables machines to understand, interpret, and generate human language for tasks like sentiment analysis, translation, and chatbots.','Natural Language Processing (NLP)','2024-12-02 13:04:25.895535',3),(8,'2024-12-02 13:04:38.644838','Focuses on enabling machines to interpret and process visual data, such as images and videos, for applications like facial recognition and self-driving cars.','Computer Vision','2024-12-02 13:04:38.644858',3),(9,'2024-12-02 13:19:26.905597','Focuses on iterative, incremental development practices like Scrum and Kanban, promoting collaboration, flexibility, and customer feedback to improve software quality and speed.','Agile Methodologies','2024-12-02 13:19:26.905665',4),(10,'2024-12-02 13:19:43.922751','Integrates development and operations teams to automate, streamline, and improve the CI/CD pipeline, ensuring faster and more reliable software deployment.','DevOps Practices','2024-12-02 13:19:43.922786',4),(11,'2024-12-02 13:20:00.861311','Explores reusable solutions to common design problems in software architecture, such as Singleton, Observer, and Factory patterns, to build robust and maintainable systems.','Software Design Patterns','2024-12-02 13:20:00.861421',4),(12,'2024-12-02 13:20:15.025031','Covers techniques like unit testing, integration testing, and test automation to ensure the reliability, security, and performance of software products.','Testing and QA','2024-12-02 13:20:15.025091',4),(13,'2024-12-02 13:20:29.574760','Examines strategies for designing scalable and maintainable systems, including microservices, monolithic architectures, and design principles like SOLID.','Software Architecture and Scalability','2024-12-02 13:20:29.574796',4),(14,'2024-12-02 13:29:28.371495','Explores techniques used by ethical hackers to identify vulnerabilities in systems, including penetration testing, vulnerability scanning, and social engineering.','Ethical Hacking','2024-12-02 13:29:28.371580',4),(15,'2024-12-02 13:30:44.853061','Focuses on securing data through encryption, decryption, and cryptographic protocols, including RSA, AES, and hashing algorithms like SHA-256.','Cryptography','2024-12-02 13:30:44.853088',4),(16,'2024-12-02 13:30:59.513811','Examines how organizations handle and mitigate cybersecurity breaches, focusing on detection, containment, and recovery.','Incident Response','2024-12-02 13:30:59.513868',4),(17,'2024-12-02 13:31:15.630183','Covers techniques and tools for securing networks, including firewalls, intrusion detection systems (IDS), and virtual private networks (VPNs).','Network Security','2024-12-02 13:31:15.630215',4),(18,'2024-12-02 13:31:31.958153','Explores protecting data and systems in cloud environments, including identity management, data encryption, and compliance with industry standards.','Cloud Security','2024-12-02 13:31:31.958185',4),(19,'2024-12-02 13:54:59.644406','Network Protocols are the foundational rules and standards that enable communication between devices and systems, ensuring data is transferred accurately and securely.','Network Protocols','2024-12-02 13:54:59.644430',5),(20,'2024-12-02 13:57:27.818523','Cloud computing enables scalable and flexible networking by providing on-demand access to resources and services over the internet.','Cloud Computing in Networks','2024-12-02 13:57:27.818540',5),(21,'2024-12-02 14:02:14.853490','Sorting and searching algorithms are fundamental for organizing and retrieving data efficiently, forming the backbone of many computer science applications.','Sorting and Searching Algorithms','2024-12-02 14:02:14.853529',6),(22,'2024-12-02 14:04:26.090430','Advanced data structures provide efficient ways to store and manipulate data, enabling optimized solutions for complex computational problems.',' Advanced Data Structures','2024-12-02 14:04:26.090447',6),(23,'2024-12-02 14:09:22.009529','Relational databases store data in structured formats using tables, columns, and rows. They are widely used for applications requiring consistency, reliability, and easy querying.','Relational Databases','2024-12-02 14:09:22.009555',7),(24,'2024-12-02 14:11:37.277785','NoSQL databases offer flexible, schema-less data storage for unstructured or semi-structured data, making them ideal for modern applications like IoT, real-time analytics, and social networks.','NoSQL Databases','2024-12-02 14:11:37.277806',7),(25,'2024-12-02 14:15:48.476836','Process management involves the handling of processes—active programs—within an operating system, ensuring efficient execution and resource allocation.','Process Management in Operating Systems','2024-12-02 14:15:48.476861',8),(26,'2024-12-02 14:18:24.181871','Memory management handles the allocation, tracking, and optimization of a computer\'s memory resources to ensure efficient execution of programs.','Memory Management in Operating Systems','2024-12-02 14:18:24.181903',8),(27,'2024-12-02 14:21:29.782551','Computer Graphics focuses on creating and manipulating visual content through computational techniques, enabling the development of stunning images, animations, and simulations.','Fundamentals of Computer Graphics','2024-12-02 14:21:29.782568',9),(28,'2024-12-02 14:23:15.667318','Computer Vision enables machines to interpret and analyze visual data, forming the basis of applications like facial recognition, object detection, and augmented reality.','Computer Vision Techniques','2024-12-02 14:23:15.667333',9);
/*!40000 ALTER TABLE `series` ENABLE KEYS */;
UNLOCK TABLES;

--
-- Table structure for table `user_roles`
--

DROP TABLE IF EXISTS `user_roles`;
/*!40101 SET @saved_cs_client     = @@character_set_client */;
/*!50503 SET character_set_client = utf8mb4 */;
CREATE TABLE `user_roles` (
  `user_id` bigint NOT NULL,
  `role_id` bigint NOT NULL,
  PRIMARY KEY (`user_id`,`role_id`),
  KEY `FKh8ciramu9cc9q3qcqiv4ue8a6` (`role_id`),
  CONSTRAINT `FKh8ciramu9cc9q3qcqiv4ue8a6` FOREIGN KEY (`role_id`) REFERENCES `roles` (`id`),
  CONSTRAINT `FKhfh9dx7w3ubf1co1vdev94g3f` FOREIGN KEY (`user_id`) REFERENCES `users` (`id`)
) ENGINE=InnoDB DEFAULT CHARSET=utf8mb4 COLLATE=utf8mb4_0900_ai_ci;
/*!40101 SET character_set_client = @saved_cs_client */;

--
-- Dumping data for table `user_roles`
--

LOCK TABLES `user_roles` WRITE;
/*!40000 ALTER TABLE `user_roles` DISABLE KEYS */;
INSERT INTO `user_roles` VALUES (1,1),(2,2),(3,2),(4,2),(5,2),(6,2),(7,2),(8,2),(9,2);
/*!40000 ALTER TABLE `user_roles` ENABLE KEYS */;
UNLOCK TABLES;

--
-- Table structure for table `users`
--

DROP TABLE IF EXISTS `users`;
/*!40101 SET @saved_cs_client     = @@character_set_client */;
/*!50503 SET character_set_client = utf8mb4 */;
CREATE TABLE `users` (
  `id` bigint NOT NULL AUTO_INCREMENT,
  `about` varchar(500) DEFAULT NULL,
  `created_at` datetime(6) DEFAULT NULL,
  `email` varchar(255) NOT NULL,
  `immutable` tinyint(1) NOT NULL DEFAULT '0',
  `name` varchar(100) NOT NULL,
  `password` varchar(255) NOT NULL,
  `updated_at` datetime(6) DEFAULT NULL,
  PRIMARY KEY (`id`),
  UNIQUE KEY `UK6dotkott2kjsp8vw4d0m25fb7` (`email`)
) ENGINE=InnoDB AUTO_INCREMENT=10 DEFAULT CHARSET=utf8mb4 COLLATE=utf8mb4_0900_ai_ci;
/*!40101 SET character_set_client = @saved_cs_client */;

--
-- Dumping data for table `users`
--

LOCK TABLES `users` WRITE;
/*!40000 ALTER TABLE `users` DISABLE KEYS */;
INSERT INTO `users` VALUES (1,'Application Administrator','2024-12-02 12:33:02.230420','admin@gmail.com',1,'Hody','$2a$10$WM5ZZUdl5eYjIiLP0hJobO9arXKRdSIKA/0EaTgeJqjHoVOE5O0sK','2024-12-02 12:33:02.230513'),(2,'Data Engineer','2024-12-02 12:43:09.683691','nguyenthanhdat1@gmail.com',0,'Nguyễn Thành Đạt 1','$2a$10$jwMSnR/ygu1q/J2AkqejBeUpuRXWIGPJALqBbpp1TaMhC/fk.ti/.','2024-12-02 13:01:35.225109'),(3,'AI Engineer','2024-12-02 13:02:58.504959','nguyenthanhdat2@gmail.com',0,'Nguyễn Thành Đạt 2','$2a$10$.rUjhFsPZIYUiEto7N0jUOBRVT8DRBXtUg.CMlhfH8kXoftx2igoq','2024-12-02 13:17:59.988410'),(4,'Security Specialist','2024-12-02 13:18:31.708988','nguyenthanhdat3@gmail.com',0,'Nguyễn Thành Đạt 3','$2a$10$OJnY9xlSPfi.YVucVswJSuwP7PMLZAo1gqv/36IsIXAAMVWV0cOoG','2024-12-02 13:37:36.059015'),(5,'Network Administrator','2024-12-02 13:53:15.035620','nguyenthanhdat4@gmail.com',0,'Nguyễn Thành Đạt 4','$2a$10$q5UYJSzDAq/9iQM7tevGdOk37/urRbEjQK9Xa1QGtVMDBDiJlYWyy','2024-12-02 14:07:35.526159'),(6,'Algorithms Engineer','2024-12-02 14:01:03.242608','nguyenthanhdat5@gmail.com',0,'Nguyễn Thành Đạt 5','$2a$10$rCMb8q6P2seD5tqTvEgdIucOfWft9FmfPued1hYKPXf1DmJdhXMGW','2024-12-02 14:07:46.274203'),(7,'Database Administrator','2024-12-02 14:08:56.418172','nguyenthanhdat6@gmail.com',0,'Nguyễn Thành Đạt 6','$2a$10$DLXiXepwcNS5si3V86W8yOHkVurv7hZQ2eEyM9uwa1hgCgelEHs6e','2024-12-02 14:14:12.461970'),(8,'System Engineer','2024-12-02 14:14:56.069153','nguyenthanhdat7@gmail.com',0,'Nguyễn Thành Đạt 7','$2a$10$DFJBL6g52Xi9AJEKLktHi.8RdU8ATfGC/mK0oi9odfS.qkpr2MDve','2024-12-02 14:14:56.069174'),(9,'UX/UI Designer','2024-12-02 14:20:57.267014','nguyenthanhdat8@gmail.com',0,'Nguyễn Thành Đạt 8','$2a$10$9JCn.D3z/flivFx6cptES.rX1T.5MFiv2p/bmv4KoV6/h1dMofZQ.','2024-12-02 14:20:57.267032');
/*!40000 ALTER TABLE `users` ENABLE KEYS */;
UNLOCK TABLES;
/*!40103 SET TIME_ZONE=@OLD_TIME_ZONE */;

/*!40101 SET SQL_MODE=@OLD_SQL_MODE */;
/*!40014 SET FOREIGN_KEY_CHECKS=@OLD_FOREIGN_KEY_CHECKS */;
/*!40014 SET UNIQUE_CHECKS=@OLD_UNIQUE_CHECKS */;
/*!40101 SET CHARACTER_SET_CLIENT=@OLD_CHARACTER_SET_CLIENT */;
/*!40101 SET CHARACTER_SET_RESULTS=@OLD_CHARACTER_SET_RESULTS */;
/*!40101 SET COLLATION_CONNECTION=@OLD_COLLATION_CONNECTION */;
/*!40111 SET SQL_NOTES=@OLD_SQL_NOTES */;

-- Dump completed on 2024-12-02 14:27:11
